x1,x2,x3,y
-0.29824063434307724,1.0072582646054076,,
1.04836909409576,1.2854184938553275,-0.7629115573778444,0.3644465221835536
1.3432032026266592,0.9413799319566376,-1.3728081331601927,0.9926985029204212
0.4934228066091546,-0.04562790125813376,-0.2028297343264267,0.8732584924264637
-1.3691039850082851,0.7177941447551677,0.5556189360455661,-3.0667339849930717
0.8072809220432247,1.7987688848829535,-0.3167599621206474,-0.40572445448712524
0.1000015174660917,0.8418023236382206,0.32774359731196934,-0.36051497456231213
1.0926971159494006,1.1537887575249566,-0.441428643512195,0.9414366515128124
-0.2888289304713303,0.9347308660322302,-2.852451938814627,-3.033478999978392
-0.15201199034067273,-0.954508288106712,-1.5963211289170327,-0.07647624858932843
-0.2517769112442913,0.8297870271968847,,
-0.2041183472285104,1.3924906255012892,-1.0846084671590392,-2.2950500048817655
0.3283565000287465,1.1342942933253777,-1.1213428259367484,-0.905551211430328
0.9785656195367944,,-0.410524199585507,
-0.7980958673739831,0.3340805385219705,0.4568338089077544,-1.914514931068305
-0.7915487631473836,0.2079154361507075,-2.482724416202744,-3.0655958264822516
0.6716083872374747,,-1.8566382457958488,
-0.2095220602699289,1.810330558544679,-1.6615524750660637,-3.141469432537966
0.9263918565185574,1.5846923680181835,-1.4344205004432822,-0.5903223643305492
0.8594762660661348,-0.48361795982144185,-0.3562538165428629,2.1313704489989993
-0.26966431455412837,2.5925690709109452,-0.7642149633077335,-3.6988737255299493
1.471625300282348,1.1063341878812814,-0.7567977159122835,1.4216756033372648
-0.7267341355796825,2.588141751749324,-1.648408293764815,-4.8443721266967765
-0.19128885742792942,-0.5870158426271763,-2.2027745402586687,-0.8010846374338858
-1.365834022638801,1.0345743249962156,-1.8647844996068148,-4.677892771803403
-2.3880420351953076,0.15758311206742415,0.25595608829666516,-4.793887205190723
0.8032141601334696,0.8159024815467507,-0.4373158609008948,0.5501011563435821
,-0.047244773593648315,-1.2523308801623805,
-0.06287295801376536,0.24851264849507726,-2.5273129449961864,-1.6110307001293098
-0.5862984521322041,2.431579609617661,-1.3089336712906507,-4.146212095176637
-0.3143107955763416,1.313047687306676,-0.24965431007731842,-1.8888737453818
2.0214318163814164,0.10047361824435708,-0.3465466501832509,3.7075327674820113
0.05242904932014068,0.739686602452303,,
0.3608529264711482,1.1945916370147651,-1.2361090225711364,-1.1462175936230845
1.1947122798780954,0.44337880945428765,-1.440701175404943,1.2537793371504462
0.03582890581200779,,-2.5225505587536987,
-0.4884486475243321,0.5138157869695714,-2.3741472623552085,-2.606981032974173
0.48365183377648513,2.1003918936666937,-1.6451011633934323,-2.0388078192893784
-1.0891489568939186,-0.64230512423601,-0.5139917635382542,-1.8270502350762634
-1.7060838343155116,-0.7427298237730675,-1.2799402774195372,-3.339403958527362
0.4514322473110867,-0.3758091212302932,0.8815469611370503,1.6190165166161083
-0.17604735581608635,,-0.7352744659384274,
0.3854961333470315,,-1.809113607754476,
0.49806949581599347,1.7318929440123585,-0.472550321411744,-0.925453078999726
-0.3897547703173225,0.1632273710188884,-1.5475611915154184,-1.819442133139777
1.80284925836083,1.7164636463553855,-1.2467524017650244,1.2102972044612217
-1.1605016011439149,0.7366352080421696,-1.1868515750107544,-3.7824379262373538
-0.8427805678188562,1.4806558340365772,-1.6755287742103624,-4.0992038310491345
-0.6763072691157453,0.9623146708744816,-1.35260750259428,-2.9670032452612576
0.19613299871592987,1.4146425431155327,-0.43544178027616043,-1.3228897936431454
-0.3487506058422272,0.22497036649579982,-0.6511356369534032,-1.1027342634037105
1.539074368280304,1.078590359354353,-0.25532453710987757,1.9136107914067397
-0.04251507468929101,0.188667108813115,-1.6221726584358631,-1.2018079929798529
0.5458591119407589,2.8289053431963147,-1.62029347612485,-2.499194439475146
2.2412540246531862,1.1558022170993987,0.7276383848609886,3.336055685726956
0.3688119004618257,2.447137165019603,-1.3941824685175908,-2.2443351326093652
-1.3956889900059017,0.40459881459846403,-0.016262699524084545,-3.251407656722285
-0.09089367555328319,0.549452059009899,-0.8689228211353399,-1.0493565407637175
0.45024473037956136,2.0576903338014327,-0.9633038464183795,-1.6210996583522408
-1.2982114116292476,-0.28469808163116417,-1.0273005257583714,-2.9036133471446033
,0.10653912975706048,-1.2608750370867416,
,0.2251768286488499,1.0849837344054278,
-0.37011407121865025,0.8174502869576638,-1.7698247310904662,-2.2790296886190724
0.6110193673066735,2.1958703134501385,-0.8096785388558091,-1.439531465888485
1.2314561127811903,1.1574275782649275,-2.1046680437734198,0.1667861239812916
0.8175968421871517,1.6686580920798493,-0.0283198842541863,-0.10913182388699277
,,-1.1400682818663515,
-0.9549480823897224,0.20644496140832524,-0.7516352766322514,-2.490050520839399
-0.46848085906700676,0.053507696631359125,-0.8424074374412084,-1.2922666812193642
,0.8136294350331208,-1.1908363771454926,
-0.8346826344301294,1.4271706520805303,-1.2147479054506531,-3.6045283423774754
1.4197609362141406,1.6418884265767408,-1.2429469377245037,0.599532026917609
1.592329996372137,1.572149316786338,0.8655978139260208,1.9609442493573366
0.5983346968641038,1.1852721814907978,-1.981152641454035,-1.0094931422166193
2.054844265725047,0.4086283336310591,,
-0.8156509670195289,0.6173750605999342,-0.7912783798191121,-2.6972077034836164
-1.9794709545794704,1.3360091568688484,-1.3611171200297656,-5.823604145133164
0.7492448525966133,-0.6568689181726424,-0.31046660441237717,1.921940098326358
1.334494663758835,2.717711591376008,-1.506634825689014,-0.83635978823567
-0.3063220598763938,2.763195480218552,-2.2307855065850566,-4.625320441621186
1.9198122918775242,1.9315038753051545,-1.4523073749017252,1.1745424265102613
1.2388217422194436,1.561549017200048,-0.774834170674426,0.531417511456474
-0.27062488643925153,,-0.6236988536222516,
-0.6439094466752531,0.660423314573552,-1.4541648674850807,-2.6513663268068095
0.34376740084330715,1.912279251523703,-1.9703442850435486,-2.119145540171973
2.0457475626250687,1.8237464883840422,-0.05932944934521933,2.4976976218061218
-0.1863519476637156,1.9490715637483351,-2.0471913605687138,-3.320657707532001
0.3769638528387412,0.25877081326719464,-0.34096303233378655,0.3466299378689934
-0.473850089934801,1.5834054476016302,-1.395274031361202,-3.2084515331078753
-0.793173918513258,1.201923989427135,-1.144400616966953,-3.3182493863628575
-0.5543150627877688,1.8368614099728666,-0.17309351616772217,-2.827998888361449
0.31035991752918796,-0.6069587627918349,-1.095912649831571,0.6805819121134375
-0.015276048011203927,0.8875993624270391,-1.613229389726969,-1.7148880633817944
1.3013036087002643,-0.738736534605027,0.10083673418144312,3.4013882291751307
-0.45412069738760563,2.3933138689712212,-1.24864251827006,-3.9763569252269853
-0.12098328713621634,1.8324015685283312,-0.993623496825799,-2.712369001792701
0.9140912196177692,2.4881895464611166,-1.7790946413713842,-1.398853944072611
1.8411143039591862,1.5346253298060144,-0.5717785453861507,1.8097190111622188
-1.718557252412117,-0.5491941965209384,-0.7361786561671279,-3.273835660061031
0.04443927942656059,1.3746091662737707,-1.892826568958391,-2.3401230051316793
-0.795043290082798,-0.09007006115242921,0.2634013770438852,-1.2955788608722068
0.2989520212085264,0.9360585189449622,-2.42997776983315,-1.3938287685193465
-0.27371430374867206,,-2.3363533103969996,
-0.8511201044886773,1.6911492827368075,-0.957254384594721,-3.7968275553353275
1.261301054336228,0.7723077475360185,,
1.5951503171334867,0.7637903906132405,0.19590025272105893,2.553012924978475
1.0552052902212394,2.432394832490731,-0.41492007970653233,-0.6111258787002719
1.012634291836838,,-1.4406264470967247,
0.5559673573024663,1.6504783786226462,-1.1364605221146336,-1.1776925273862207
0.0816778186419314,1.310511938183135,-1.5794240230975052,-1.8104221268672924
0.2015656448740228,1.2641617087170762,-0.2695923353086239,-1.141270246413418
-0.9360855943811558,1.5050788491168752,-1.3732272477998562,-4.156344093600168
-1.219486717426732,0.45590032915596557,-1.024432714006703,-3.4840627821076104
,2.359418623357525,-1.5977106187903567,
0.4054280804631595,,0.4241436592768,
-0.26515985863901254,-0.2872956334703014,-1.2316440992305608,-0.7834305936976685
-0.25595403495820845,0.9120378502611779,0.12087376791772586,-1.1126313820808864
,-0.4265883765827829,0.27748375383207224,
-1.4680089525530713,0.9087126613971095,-0.03732546743851772,-3.8459107774035974
0.30766707643352575,1.507117593084434,-0.7249666641171824,-1.254236399727514
1.0573815839619358,-0.07342605781167055,-0.845836583453549,1.8015948965847008
-0.4609388100558077,2.847354168339775,-2.308559447250162,-4.9504503912540105
0.2588401946689539,-0.5574675533235154,,
-0.23867572179344185,1.8555502802585395,,
-0.8703145461605702,1.0244657421214436,,
2.392602317240799,-1.7376117279293997,0.06820545190982208,6.456585355081599
-1.3996501757668238,0.9932380822353719,-1.2168223359896444,-4.451086476039436
-1.2053661399051205,1.6361989000925008,0.32568827742279005,-3.8351258728912936
0.21690333784550275,1.4487289892754383,-0.5447779421738248,-1.2155619943091753
,-0.08641269341089819,0.005469244149009178,
0.3290579022516604,1.48503767529882,0.10169176190952967,-0.8325408420077024
0.5806440222831112,-1.7322879499223647,-1.5100311424395036,2.012704022908287
-0.7805224821897684,0.6698722676492963,-1.4184466032379792,-2.9001136350902006
-1.8672889125751129,2.9305297334133513,-1.3327415486468996,-7.204430344446968
0.5074331148661947,1.9657925081366252,-1.2607030578312135,-1.5215798014502728
0.48504573813717455,1.5455390755726324,-2.312061126596157,-1.708977726249421
1.154407317385096,,,
2.170505373818691,3.4617872235941505,1.1536549291410938,1.4139015267609236
-0.9701111257961937,-0.020675242916629033,-1.5236317540238566,-2.6877540734641077
0.550115107044092,-0.23370299829930774,-0.7847391296598323,1.0233245109518165
1.511826903906989,-0.31823629572659873,-0.8175425421033014,3.0291544204624268
0.6990993164803491,1.1579604856702979,,
-0.38945173190544446,0.17113484703226067,-2.1011889996677446,-1.9143276754866672
-0.3046309196759159,1.6143458639303245,,
0.12886365368268474,-0.16989453683489342,-0.5421794080608084,0.19401365057236666
0.46769854576026915,-0.3456542764556696,-2.844274111749421,-0.08966543909912128
1.4407828241935252,1.3571707901401953,-0.06757883109725649,1.4471550282918388
-0.023114908694791617,0.20043912675650255,0.011615116108204093,-0.19888299251658595
-0.31683895106705867,1.7232794036028183,-2.4168021581850088,-3.6623893472961004
-0.3790953203129574,2.0067443433227767,-0.23192973236760928,-2.8058407384073605
0.2183649625769692,1.5601577263329127,-1.9444052650211416,-1.9756810658716242
-1.3294072707737234,1.7738215383375824,-1.4649288105925151,-5.058899124877453
-1.7344095905120482,-0.2272743839248874,-1.550950780688393,-3.7912916184328966
-0.2895439921538257,1.0001101180357543,0.07592266159838612,-1.4030744607677461
1.0350773515321454,0.2816998016519626,-1.2001355191232967,1.2642283092186706
-0.26876180784763115,1.6464127785084777,-1.2357547471962826,-2.764966303249297
-3.2574724111268245,-0.43161097388913006,-1.6815633297022825,-6.933786989529069
0.6622194454972865,1.1074975146256194,-2.327217473548971,-1.0461863991051223
0.09741450255358486,0.6554776449046118,1.1253215355830988,0.033151787822879794
0.986351452714174,1.36854626397475,-1.612452950914412,-0.15912525632323285
0.908927726519599,1.9115725726313986,-1.533529935110349,-0.9386307807276631
0.0027624048529241324,1.6385368059898404,-0.423105285045292,-1.9260822590169853
2.043101617798256,0.8382166531990707,-1.309767033001641,2.4965061038249647
,2.6599915574699367,-0.36152565842341045,
0.8218381148983089,1.7744170053468895,,
1.6458205686266818,0.10891841708837469,-0.985887331905809,2.6184790325114635
1.5457234969639881,1.838157953670418,-0.778398828059877,0.8911584724535043
,2.034435959480162,-0.28258788706140636,
-1.1964129191715045,0.6266413908963769,-2.275782763150189,-4.257478276915692
1.8106587473150604,-1.1666895507433654,-0.38485628692856766,4.871406513739874
1.9824682749144429,0.47032707670776064,-0.13184195272113386,3.351590236700566
-1.5655748816693202,2.1145717274736775,-1.3428710414679714,-5.766900273532637
0.6720801435021115,0.6719646080353552,-1.5182560466522372,-0.19152006516771053
-0.553766539796989,,-0.6998342982023191,
0.1853823607413318,2.203519406726711,-0.6515107818516003,-2.223597807686553
1.3074595654759495,0.4507963245490033,-0.858486198907393,1.6871536505399218
-0.22168511148207898,2.5421640441602733,-2.594290080261171,-4.297726963925606
-0.3940678081611728,0.9242754238922429,-0.35079677158672007,-1.8583034392840507
-0.4495388158910983,2.1290992720955764,-1.885446795892312,-4.00461041816363
-0.5926106354150493,2.50427949625079,-1.0900370001223907,-4.240456410768187
-0.45086295919819763,0.359892599432427,-1.3803646683599835,-1.8677688489020379
-0.20284685439264874,0.8942749214395413,0.04981803150890829,-1.2931275386409296
0.6903865279304493,2.90175533990733,-0.7790428114408179,-2.0352953885168024
-0.28314595352013694,1.106141678611371,-1.1930536705485175,-2.241755008384994
0.8119000744791641,0.022323022894470523,1.2415565506926383,2.26891832807135
-0.3934991319480768,1.8394970584431518,0.5863386448222694,-2.2485345656401345
-1.797686955485764,0.058879330566793175,-1.5661509715129416,-4.399597342293296
-1.2754007183143214,-0.4512354301008479,-1.036234508202247,-2.880428916344725
-0.3544975824954572,1.0239380689103355,-0.6876100588708067,-2.1374016021635964
0.49835768384328233,2.076876880903371,0.3765147076859594,-0.960067406791162
1.320618540231728,0.08867333919980436,-0.05566078156390719,2.448472571936578
0.5502738744335443,0.9882373492362798,-0.3560505879684783,-0.2950565888583807
1.856422523939556,0.8378655721486743,0.26377248197726244,2.937220514669003
1.5222728504489345,-0.6232691676709181,-1.8694150219000027,2.636988728921904
-0.17021586362206867,1.7788398787840611,-0.2265834724842858,-2.2251546346826387
0.7546833147964934,0.8310974590697371,-2.046390433215126,-0.27779644785590013
-0.7242129308501063,0.14582348295214786,-1.147709998724845,-2.0672566701315556
0.039113103882265576,-1.6540126525173844,-0.2715140269991192,1.531902064166828
1.4609493054225595,0.346022576825206,-1.249526884515004,2.144182837413481
0.23288238155196567,0.7402952080202876,0.24235097786141702,-0.11991878321592868
0.5510111044550052,3.269832653370377,-0.2727915032924163,-2.168045751995084
-0.9366506295724284,1.30218324064763,-2.7840551140263923,-4.43420127772341
-0.15593174222216488,0.6734499370280387,-1.754962490109426,-1.8843526760367213
-0.7446140883073783,1.8927059290977368,-0.36132892181510023,-3.5866155397296775
2.617843061494972,0.1451201864274756,-1.5449879218433975,4.488675024963905
1.024430076267447,2.9593740714908225,-2.272034848165992,-1.875481205578589
1.1393527742737681,1.6031984305918017,1.1048616463223442,1.3211793824934
0.5343078194953673,1.125548332971039,-1.6403102395140094,-0.8581958897383212
0.15400110868533312,1.764214394597832,-1.3354595191127716,-2.2327371930028277
0.12680993894845424,1.8431733524345038,-0.6786744950759671,-1.9025065278575388
-1.487433696917361,1.632766692445051,-1.1652471407100389,-5.296154135069118
-0.5846232444974244,2.8410294519171346,-1.5918496616371258,-4.922009290460521
,0.42334297482526884,-1.9340561476370821,
-0.939603553557691,1.0861370858832018,-1.6903988586656369,-3.748368437396888
1.1215598229755825,0.5657783868407336,-1.8413230126934665,0.8041425608290428
-0.1950073778626422,1.7107336486088753,-0.9258371226500738,-2.5161383940271356
,-0.2705200697100796,-0.37213898343663543,
1.242341615855883,1.5002403805208153,-1.409669255086658,0.23009382629115974
-1.6608084675377421,2.3166491795088886,-1.0333861427726916,-6.02170251285175
-0.8771743726397885,1.0899604905218447,-1.1186163179781832,-3.4019232253924794
0.31041530899308106,-1.6252197069370689,-2.107228305289771,1.2626266922616276
0.07995652922864685,1.587913607422018,-1.4596805587444877,-2.1358445198453913
0.6128020745514315,-1.7141184339308748,-1.958432548288419,1.954762072378631
1.1254382196575436,0.2585938006450099,1.5730302170028776,2.683355342713198
-1.6687511855281978,0.35499299801393447,-1.9725105864709633,-4.684805717530706
-0.8069184325736385,2.2268461771265486,-1.2444272782866939,-4.564447651713126
0.6712021307168681,1.9134360997928561,-0.20318756200332488,-0.7720176077351052
-0.27426336238001525,0.6704763147392221,-1.5480287611060235,-1.7736842236408656
,0.2432714812306448,0.02289824564444487,
-0.8855510216008112,1.6617021904433242,-1.3685833209354872,-4.04806349836044
2.025790567944125,2.6541708212029875,-2.517907908742406,0.040837788625403215
-2.652624228115981,1.832465614720074,,
-0.6074071729677559,1.3555593272757906,-1.2103568642021618,-3.0346620692545274
-0.23373016012931258,2.7704680607558387,-1.6907943011752993,-4.0245724198424915
-0.3885744856326412,1.6682250261415406,-1.262556557360419,-3.0030214276828997
-2.316283274049083,-0.8768564837518837,-0.8970256304076153,-4.222915823807595
0.8456099581732589,-0.3777530568904133,-0.509486346289189,1.7400012576504622
-0.03275277258192504,0.5001749799850976,-1.3529463045279282,-1.2676852497337965
-0.21951636668076616,0.9015911524666937,-1.8618421728859271,-2.2208059253529187
0.31441691409646544,1.61686732581619,-2.7857963149984046,-2.350499637520102
-0.25709251058123095,1.0650994490677015,-2.597666816903841,-2.8113297509979502
1.207492804593441,,-0.9333393874089495,
-1.8475669600625086,0.8229072921274831,-1.877756132957852,-5.368457001194738
0.2384549559803004,1.1182504124712036,-0.09789327799758085,-0.6789971414908675
1.5498092511402322,0.325511450068544,-3.230428061499289,1.2402280402685588
-0.7559076769773331,,-2.099234533153831,
0.29697430547174086,0.5831774398916966,-1.076024670765241,-0.43973487226867936
-0.3415264203489523,1.770119693062762,0.5228543979208518,-2.3431224506395782
0.28151590980127983,0.05188235277160558,-2.4526449733655733,-0.925531740421561
-1.1587718520499113,-0.18146027984155055,-1.6746752672334253,-2.8591196969804065
-1.6419730042174272,2.0591748139117585,-1.0726378554511558,-5.845560360276061
-0.37530393381128035,2.4142037048408325,-0.33098507544277755,-3.371095561424782
0.7545013509431271,-0.5706265558350643,0.2600144064581349,2.3130753092553658
0.4082642688838829,3.0066651901786283,-2.1863341535923104,-3.3074636498626524
-0.36985283810906777,0.09677381236218396,-1.040711855204478,-1.3229306535297733
2.251669964770311,1.7469468866470668,0.0088274559212842,2.803443601246116
0.7453233035439357,-0.5101984171898886,-0.18562609641791972,2.1741894125536616
0.19663953324661662,1.5120312248592556,-1.5431769566297593,-1.7557724801155588
-1.2916220090987092,1.4330002855295492,0.07584650337432564,-4.060651634357213
0.22263206108437825,1.4363365217172732,0.6405318728050358,-0.5079892221847425
0.2571767491536348,2.0046189929226106,-2.0358142809644106,-2.4825865991367784
-0.6377059471387377,0.4049580369224379,-1.1984616988709573,-2.136606344439428
0.7081230400946465,2.165318693775067,-0.21797569423311525,-0.9382685794448159
-2.5739977870650437,,,
0.6048477985861361,-0.006119659784899811,-1.8291968352606076,0.28003127958986435
,,-0.32439777668023106,
-0.3157789594747362,-1.2140229533490299,-0.7732180208655922,0.21761314283589067
0.026221506563990627,0.9417575503830133,-1.6792172848155498,-1.771142304074586
0.10697481761671275,0.6425264414414211,-2.4924169619027077,-1.6687876998978175
0.043875938137988756,2.159299361513854,-1.9087739666396137,-3.016102293070561
0.2812865193261322,0.010528977771455117,-3.212229080735381,-0.9750462032385705
1.6075487208802757,2.617494514922158,-0.7614898889177453,0.3667596447618099
-0.5201051476744748,2.1267090152794745,,
-0.4548076818616613,1.7372689508075378,,
0.1209602613608263,1.6693445805846152,-2.145266751018909,-2.6176174413394304
1.0648386754916637,1.5970939790498317,-0.8046142206473015,0.2160606947534136
-1.6607913313515603,-0.30675012114557854,0.5503955319070337,-2.826414959336214
1.2960246133432773,1.9308448872005108,-0.2829447517670125,0.3081499014885838
-0.24872159239781066,1.1778491335732273,0.8122744556981885,-1.2023176564734617
,0.6161730305683442,-1.827345341304714,
1.0211744285007585,1.4932921978521985,-1.0358585554858917,-0.06277733813275367
-0.2265870128288185,1.380418743169973,-1.3567987352131679,-2.4832180417587755
-1.2217986979334383,,-0.1991613342530244,
-0.896549420643162,0.20170187358649483,-0.9637406985350749,-2.435321513062942
-0.6375552337827673,,-0.38764749458552683,
1.7201033409912372,-0.5544093680112783,-0.5729605955386122,3.5120239877953003
,2.1634296822194505,,
1.4858894401925795,1.726168504739726,-0.4293673116697142,0.8814436602688439
-0.592094194674156,1.5240350488906649,-1.9991545141076914,-3.6427237605685887
0.09932947820646855,0.10001502681067242,0.09501154875792417,0.1601192699417047
-0.670883482229149,-0.02265205178057883,-1.961298874743814,-2.2995200559184097
-1.796569538683158,,-0.7211252866136227,
0.08344239507356367,1.3268867179000525,-1.9188318291016344,-1.917336005702874
0.291549311730043,2.6928529469245976,-0.9773889061069244,-2.426044132732105
1.3602208720360889,1.657411507824592,-1.5722011423009237,0.33459490473748177
-2.1353959080525264,0.558855163523851,-1.4640822602749024,-5.672831306885314
-0.9462675395594156,0.8389183806228515,-0.7811192374406168,-3.07786091668144
-0.8580346760705481,3.520170347858143,-1.6976403054871227,-5.920386221853301
-0.018972896831002343,0.4313363714988103,-0.9347631745856533,-0.8722858658294658
1.1266998242445228,0.5581910138126015,0.3092724287229376,1.9057777734014782
1.6866212966201928,0.8128119216369396,-1.0590207409304386,2.0582123078160004
0.7340393834661096,2.156635883256917,-1.7893039003076894,-1.6005724585299408
1.5892405287224416,1.7683587675198744,-2.226224513475298,0.16649538539053257
-0.8960257761652332,0.545352694140137,-1.4619220718930204,-3.0373799771496492
1.5537765181142398,2.035919208945648,,
1.844296399070863,0.4299156008759476,0.4760706729990143,3.6423361174136586
0.401671511747916,0.9107041964925506,-0.34651497753752336,-0.28175503611115116
-0.5973224328162914,1.994853580474879,-2.2058018193779505,-4.4123202963530135
1.2625956560171279,-0.67939675664839,-0.7291899802881081,2.9464945688932582
0.8063957557282808,0.02619579239930947,-0.6229159710795904,1.3283778303854723
-0.9316021007977612,0.9448009233522372,0.24303343364535857,-2.6490987214696413
1.9085182206462497,1.3319352190678067,-1.7540953033195787,1.4654563752546936
-1.0849588282296638,1.6201162989975928,1.0990346133547173,-3.299924885284863
-0.7260288923923524,-0.17773771881836176,-0.4479156329646169,-1.6027124726171684
0.7212428331566135,1.5121654571518777,-1.6622286251668394,-1.0407284935103298
-1.5610109234899636,0.8805242786191764,0.15598551741173483,-3.808607099358864
-0.9552613546462343,1.0634909265887842,-1.4490978123300757,-3.5652140262764314
-0.04230687345891022,2.615071468133854,-0.49038106464462106,-3.1551900675693862
-0.27075685496494745,2.0954472424182295,-0.3571850308429865,-2.773069802004407
-1.0464460232250605,0.4763308779198794,-1.2702625116502293,-3.218836823650367
-2.0154735721459356,0.615175492159501,-0.32009558202518473,-4.868011413548078
0.35081437084676625,0.7475275720025578,-0.6275071720659213,-0.41286802754669494
,1.8546428433214466,-1.5589380095849545,
-0.45142665683675814,0.8658814841120304,-1.4518621602431792,-2.5117108115405586
,-0.5545883456069978,-1.3936318311881761,
-1.3484042826045304,2.006716545973492,-1.775933574583357,-5.680299604588778
-0.07014181591607645,0.8128205535930928,-0.6599254660764323,-1.2738999419019201
0.6037253535320463,1.527253569549032,0.4546739973029852,-0.07406229610705364
0.9372842036608453,0.5729629051037501,-1.2325130595856066,0.7650766417017475
-0.3478180045978035,1.827163374636611,-0.5533397022621891,-2.705112481834389
0.43539055848494634,-0.12184070989218587,-1.148640437058714,0.2530490122764122
0.2713548547861877,0.49376417422717367,-1.6270008368502968,-0.7835240110479548
-1.472324376513759,1.6178357376305699,-0.0987020040689699,-4.673061592419857
-0.5285012365675784,0.9487698840787872,-1.3992482557536419,-2.6507669015518633
-0.04152285396430486,0.41563060813253017,-2.2047470436150682,-1.6565886917785146
1.7826289381372622,1.9612410699952352,-0.9477454187993103,1.0824614995274386
0.36435238906626766,-0.05841930883049784,-1.0752037251499504,0.2925683752658669
-2.551870694946276,-1.9285925774741273,-1.600492800802597,-3.9618794219018225
0.9582310554887824,1.55430507932304,-0.357026905970651,0.24757100433991114
-0.8836785268276491,3.201902103706428,-1.0625706941055744,-5.421141541471798
0.2640491195909391,0.7566593519247635,-1.131282110492334,-0.9067944625743882
-0.4408156003859407,,-1.9086268958482742,
-0.9091170872628027,-0.50398951556872,-2.576629937097846,-2.624093495408195
-0.85827586603981,2.4478928365038386,0.19307956233733936,-3.9389343273396116
1.7149280874181447,1.7935967461792433,-0.6894796915051635,1.3046180257725248
-0.45133005541164917,0.2308754249216729,-1.483315174140366,-1.8880726577862486
,0.6074004111635256,-0.908678701038284,
-0.5038925112225903,0.4752603035082055,0.023473521264240516,-1.464877115560729
,0.4998992846917121,-0.20390705587608537,
-0.09625199859342842,0.27079535374979824,-1.6495698672217145,-1.3508204190054653
-0.6289230409937544,1.8922018819597135,0.7533320793842317,-2.680384856607159
-0.08511108362494782,-0.9190213720445517,-0.22166716161665312,0.6247923304084697
0.17095005336835403,1.7469378291719209,-1.5906126375176544,-2.1735660228534934
-0.6289671889515215,0.00927738634587627,-1.501065475358202,-1.9912640536643513
1.2448109659875628,1.6585759828858175,-1.0420782760268033,0.2380089979574334
-0.22653827892521386,0.21099517325382977,-1.058582533089754,-1.1259269453781446
-0.11734399756249728,0.9928900365447564,-1.0868652779964854,-1.8038841164253108
-0.47926342186448107,0.815575144188274,-2.0661207883113377,-2.8063234791795213
0.21716394226110597,0.06849478896182226,-2.738329324618712,-0.8729914468403899
1.559817578273276,2.2474100653006754,-1.684706647585947,-0.023196640640570282
0.830005898873396,1.4772100517574338,-3.0604782647390265,-1.4798497109613469
-1.6467482073322348,0.9314189227555466,-2.662864826484188,-5.607521686709423
-1.271962859739581,2.7097324120994024,-3.0782901529470483,-6.803141316930328
-0.8380313314173002,1.5807895051057637,-1.953453810292753,-4.31337653845562
0.8625816964390985,0.44348566532704603,-0.3691334279784433,1.0754290590656408
-0.935331219392347,-0.2707903762889494,-0.7784586519421074,-1.8299926695389361
0.41314177130801577,1.5222914234183527,-1.1934761555854139,-1.2071908039281491
0.3023649234669356,-0.41689295598833165,-0.6165672911596187,0.6236987550944818
,-0.9808569733244057,-1.614252651293226,
1.042551950116109,1.4121375755806889,-1.568401171156569,0.018473872167754396
1.0228885668906114,0.3417707911529131,-1.423751950858628,1.1160689453233004
0.29184002109440454,1.1331332558109375,,
-1.8269842380611194,1.9834111287658116,-2.045422216608336,-6.708008483476225
1.5240839340095578,0.9653917968775262,-0.5166393802134348,1.8111141603730805
0.4234562038311086,1.3831623812324711,-1.2868806793359622,-1.1083078742273087
0.10616268789004821,2.5583378835510437,0.4217015946172542,-2.25649771880288
0.4237102712823548,1.5341901507450761,-1.8222721160704987,-1.5266880133530034
-0.07072982582895788,1.5538660972167597,1.4976712561494203,-0.9072962376688467
0.33493311595369374,1.3646822021376583,0.047184120329375245,-0.6384330023066788
0.7951583772120895,1.4595665747962083,-0.8149017210326835,-0.3066237795979836
1.3098009830822765,1.803086540454598,-0.6848768047368752,0.518121764791469
0.21886263634218464,0.7775743077634145,-1.95312950191037,-1.2344369781132594
-0.3943520339253699,2.7185560553436403,-0.7271511261023305,-3.960261771567646
-0.313435383199973,1.9985418024345538,-0.660002144885544,-3.038227503505418
-1.227023956988923,2.348085597964767,-0.704445416103156,-5.194140893426559
2.8794991490732826,0.4911120917964573,-2.6676237094526503,4.015039048575232
0.5024652111662191,0.9816994156206565,-0.813577571406255,-0.30577391928331066
-0.9425402249076696,1.243008176647648,0.8675999608446481,-2.9257712299333516
0.5791042226961141,1.2628792431264402,-1.6493884478281697,-0.8640876487043764
0.6305587249248836,2.07562685410469,-0.6214265332704771,-1.2177427343178346
0.7352858650073106,2.192998699166946,-1.8125128281186489,-1.5645911001190835
-0.13629293777963136,-0.20346640133600546,-1.630047525161554,-0.9064056488026884
-0.16690417379602637,2.1957925895581307,0.4707751540437055,-2.087197174711637
-0.3450931061289511,0.3138179978664093,-2.858148596558432,-2.462802604265259
,1.5467446679202235,0.4392329837296467,
0.9996581910723182,0.8133764503908059,0.5492088754130955,1.5574394868168655
0.6024137398239886,-0.09566829508946051,-1.5043520747003734,0.6093137639473479
-2.860309380189524,0.6213884441259969,-0.1856143662680021,-6.529005194986232
-0.33823989622952166,1.9826412802308622,-0.36576135288630085,-2.8232325026198635
-0.17285012189389173,1.7778985121901363,-2.326733979430549,-3.216531437897502
-0.8221086375670541,1.74000804387904,-0.42284696017933143,-3.5255346271422883
,1.7506372900202964,-1.2729933765517214,
-0.942823769018547,-0.3600186635895197,-1.4709095842208881,-2.2855450298589837
-0.7926094176023655,1.1335689923148224,0.05582142811679236,-2.747333443948863
0.8623801802926425,1.5925981901581823,-1.0501637158707393,-0.2942391151070177
0.1083538271343523,0.8578643291854126,-1.9626307994246461,-1.740600829390554
-0.8424053397863096,2.4964198492486087,-1.2759641073875654,-4.813508015930267
-0.3282584180450074,1.155101510213126,-1.2427584316434632,-2.456080100238536
-0.6979855855343682,0.03376737653963546,0.017393213484136805,-1.4609872963990695
-1.422718129896449,1.4675223011132683,-2.596218666322602,-5.401348509563463
-1.0513337742662774,1.5738011621129169,0.8298658262365126,-3.3314153226545633
-0.7220256611420115,0.09867163532142764,-1.4083775615526317,-2.2861956448561256
0.37424202172087234,1.6538471235192502,-1.542600924476359,-1.7357233493013982
-0.289526513587434,0.5787023112151,-0.24863499521599652,-1.403471767007485
0.32491428879233797,,-0.2980274286251986,
1.7576708467299533,0.356568325100198,-0.393228613194776,2.8560046812440367
2.1251717802312333,-0.3282156105312395,-2.106048449556189,3.65046779137021
-0.5254030069192266,0.7575892065730478,-0.4861143078630793,-2.1082425184282925
0.5570403617438103,2.313940082683942,-0.8655924869871872,-1.6322929899709149
0.9555367066635314,2.180743331463137,-2.641739378199586,-1.7497990638713425
-2.714839361891585,2.179315698048735,-0.6691765083404277,-8.002328347095082
0.9957947332567624,2.2827105351563666,-1.6032946982883327,-1.067517171847391
0.6989912841168019,1.71218318235488,-0.41688822901397415,-0.5286319351028823
-0.8118533365254794,1.08535781626895,-1.371935109936147,-3.4691670528154863
-0.7596927894643142,-0.5647606336132227,-2.1411485748398316,-1.9630703698152836
0.12011069368509379,-0.532376621711643,-0.33061317490018793,0.5359547221225002
-0.9498081869093677,0.18591616464297323,0.04997375024935691,-1.992534150492581
-0.8889364660404729,0.8191707216055139,-0.14077195164056988,-2.561664168909626
-0.6984651801771738,0.3482992852455674,0.125751486437512,-1.622842112249153
-1.056444129462405,0.7806586633533318,-2.4152665274739045,-3.9963709805298824
-1.0203930315754552,1.2459997311522726,0.07752719083533832,-3.3330756748629993
-0.306994625863331,-0.8883360260803159,-1.4599008972407699,-0.45603933113069056
1.2202838173400108,2.84634752941304,-0.42338296216079807,-0.7741282400296858
-0.0701047371951617,0.39795817375648845,-1.6463230013407575,-1.4063505243512915
1.0114681276147997,0.9812694006307766,-1.0990203654394326,0.48674643210152396
-0.05977350310689571,0.8188417284978354,-2.9051998535921753,-2.486999127027708
0.31515613901950196,1.4368622828061839,0.6551842041915596,-0.5691748891171614
-0.5247978539329007,0.7178262638051442,-0.3707120262797914,-1.8848549875546379
0.1375013195722224,1.9591895035312343,-1.430869625723699,-2.417238337547394
-0.10745296521763131,0.7288998428230449,-2.5068358129568633,-2.315190777784682
1.265170686341244,-0.726336406917405,-0.18413264236507,3.2257730854521007
-1.4341917226984178,1.252353242880908,-1.6383938873207993,-4.804453191741774
1.1614797786862137,-0.3741220752247352,-0.9546352188469707,2.2492142044518
-1.0529505233656495,1.305518239939323,-0.4635006954702299,-3.6188589285081725
-0.26573060785894564,0.13712033572818672,0.07577214737439042,-0.6184923072402048
1.5511727462454714,1.6164283112444555,,
0.024561633286176884,1.560250781133834,0.7081826283502348,-1.0586681602176429
,1.6257284164330983,-0.6288449889870131,
0.6458997964917775,1.8834546819597526,-1.8290910953612287,-1.628449972685974
-0.45650146466624675,0.3792185007384413,-0.32535131052809974,-1.4023832142405284
0.22966269584785523,2.0261759001396644,0.38465981916652425,-1.256501709061584
-1.234473530467999,1.2762689450920535,-0.07242255767237948,-3.7506813782665898
0.08029016845278215,-0.2699028626710509,-0.43478498154047585,0.34378810451295594
-0.9577802209270094,2.4978657596899447,-2.5193849050839265,-5.625248834502478
0.035544154547260995,-1.358713566531455,-0.5781358471868806,1.0837609472443746
-1.3387353233247494,-0.5850920483380784,0.051950332549068445,-1.872346967633939
0.23406205093325141,1.663338929428482,0.40506413241026684,-0.9015497993256778
0.9201481858262599,0.24374699947261824,-1.2625860213879325,0.8039814309806519
2.63866032151944,0.07743981455709903,-0.9894271748282378,4.678887814710469
1.3431235457175834,0.4375212599502558,1.1749817320606,2.800683611760576
0.5008455495840615,0.7817816437456062,-1.5100113058562425,-0.6906113449979274
-0.46542507570173103,1.5322357664913442,-0.9758410553832296,-2.9868613460387103
-1.1568241226080267,,-1.0532931276075137,
-0.6993012106393429,2.063712500946886,-0.24751645233892072,-3.5188021295626464
,0.4793845778501652,-0.9266462262203521,
-1.305708609594976,0.6542362523528231,0.5450402639628675,-2.88947602491916
-1.3998081008526329,1.523712432666124,-1.1527123906066081,-4.854979623482476
1.7126000635239595,0.9640456966059355,-0.8639173380037788,2.1413435631951705
0.5115398297439377,1.2857832239787772,0.3590884900218605,0.02395854083124911
0.7856150127694891,1.7683225902746034,-1.495781803715285,-0.9807778086495286
0.5459645363018546,0.4025761948149924,-1.7323751553982112,-0.28373361486479826
0.04458746091147702,1.9565781104531104,-0.12437105520045111,-1.9304840532909076
-0.07419650096468111,0.4264963846190455,0.12896731077679435,-0.5226399762455409
,-1.1614433799847093,-1.1823314117450814,
-0.660657768410003,0.31984432789819417,-2.0487470246132142,-2.6915338763138505
0.9096367473305765,1.126909670968145,-1.3767691487773115,0.02192790900078247
0.704065836114587,4.076474920533389,,
1.42319240730375,0.030514268015407797,,
0.6479735408052543,0.9063632561138277,-0.6880213086912272,0.02656756207838843
0.8709209959983716,,0.12968989305714018,
0.5412073836294033,,-1.4550111714802392,
-1.31935531171948,2.124317170831639,-0.1756076011151133,-4.64564387068561
-0.3774412807904676,0.3235155001079446,-0.5797828953796855,-1.3664521700394776
-2.3496063190098266,1.689131200688022,-1.3478011947521407,-7.007851180959902
-0.06595810822082704,-1.6787875953156246,-0.2927428341217859,1.3283721158179644
-0.427192613487712,0.12657594211227297,-2.312327636263764,-2.089783019301448
-0.5092825898173643,2.386546322206755,,
0.4572862432729251,0.5958051311540883,-1.6636104995580654,-0.5557412383941844
-1.0077538903266294,1.9964402405211632,-1.735119402807988,-5.041706996288367
-0.4746894376457509,-0.021593331951465178,-1.9970345942071495,-2.068229743310475
0.05297615864372187,0.515423841964934,-0.2127126716640929,-0.6102286499955426
0.9347127865970724,3.2929424230937125,-1.7531436088148604,-2.151565194839709
-0.3742692648367859,2.932855488360585,-2.22546266877106,-4.772814605815343
-1.0003438902481325,4.364583281699568,0.7581298418157889,-5.992377945748967
-0.02697335074891005,0.2607173320020345,-0.5754343090540419,-0.5193431047452783
1.1248839604874037,0.969452896019202,-0.46746022416177346,0.9531386372587145
-0.45239517626171954,0.44234449747028237,0.7139966528931987,-0.8170872290570838
-0.10820421133650465,1.7804280126257792,-1.2264026089251836,-2.5705967790946187
1.051964394772098,1.5223461577360822,-1.6196752453559122,-0.37528006875772524
-0.8422248852024414,,-2.4661391453544916,
0.8984462126859101,1.2862720923366686,-0.3947460653966782,0.11744430910852252
0.38227877150835143,2.6540243925578606,-1.9860701359904178,-2.80176116480411
0.41597644925408245,-0.7556066539414608,-0.9055371362915996,1.1864629046649418
-0.2400522916963853,0.5198294869742996,-0.9501763009799574,-1.5489743406980323
0.017825568255027697,2.474420113859966,,
1.335399771941463,0.11966123186724598,-0.0675036403621142,2.4009265943213243
1.364597323648425,1.2230491475858185,-1.4501819906840052,0.7269770347947507
0.3064321610157413,2.390549294258441,-0.612301088466866,-2.057916856876525
1.8610164764187813,1.582976909897567,-2.9530199271082385,0.6795913176963598
0.023853818979066167,0.39149811825178515,-4.596576322583362,-2.6932943509701492
-0.6379951458945005,0.7062799705651304,-1.7689811664560646,-2.9130053150842516
0.14117630900049616,1.3732447014743105,-1.4356180823185785,-1.6794229778605687
-0.5211749293598963,1.5160217320977005,-1.4565831421471032,-3.2083914837811522
-0.3389532339176751,-0.28458115613930435,-2.029097756772218,-1.5106789952146324
0.9184524215068355,0.3843736866622304,0.45690056917891186,1.6693631831117062
0.1450174922759463,2.6757325011894983,-1.7851703094133484,-3.1352978858374345
-1.099865616266752,2.245794101887367,-0.4588439111410614,-4.511175445905601
-0.6848609715757925,2.893429902829288,0.16236930966155838,-4.217454535348149
-1.1653316403391454,,,
2.666228853346575,-0.7852539688614577,-2.6740262170712983,4.695005636064246
0.3050112251254373,,-2.5738206673357262,
-0.14155476176333978,-0.34937497994759514,0.7803596107668633,0.40223204365055276
-0.08114588303896998,0.8741909986510558,-0.6411480943756176,-1.3975773057881815
1.8973522225557327,1.266314390577961,-2.3792476922751407,1.3432427195024232
0.13624694288680278,1.3923367469044146,-0.056741418185876635,-1.1249399512305462
-1.2086901550431357,1.6307465749068046,-1.5220122840982997,-4.705420910660264
0.2116632246080062,1.0743466667296542,0.016534052535490673,-0.7461727479110839
0.22824161082549627,0.5454244341595631,-1.7834237635218813,-0.9337452528272286
1.3310851328953146,1.3107837499114925,-1.5471308895763802,0.6430935855131671
-1.5513301752832558,0.1883888555490727,-1.4649124677559913,-4.083061071673018
-1.482278686071469,0.8162064554819213,-0.7873983932721828,-4.148056102168349
0.9643506459820863,0.16685631189853833,-1.7753464943076804,0.8824616228849418
-2.5247876703666514,1.1436453019576036,,
1.906431548922222,0.7089805000735443,-2.690018787165433,1.8795107020211552
0.7909956618245194,0.5573751437167859,-1.416898137151188,0.36975777965980516
-1.362680598807829,1.9703890232841927,-0.888420746301328,-5.109842352460237
-0.007387968595445239,0.06557355043732005,-3.2648007664882326,-1.7237188999748374
1.4326355810347942,1.1161240245538349,-0.42307262224873543,1.582500997202509
-2.3006567269353617,2.389582479177808,-1.703874943483079,-7.839326098297633
2.0428567788816436,0.5653272771309507,-2.3407159767208405,2.3001769804349115
-0.03617738687087687,0.6916890637097741,-1.4972794610905855,-1.44739046582915
-1.637791121986197,1.6665404457369375,-0.3698748816999655,-5.08783674469187
0.3343859518640263,0.1575656241453819,-1.999150505667167,-0.6189792035972489
-0.5671590713397286,2.8985832536228644,-0.5842946624979085,-4.41449037242777
0.963633232868509,0.6135905824452549,0.08428868718920679,1.3769597812235899
0.8422183233770072,1.2210791565079,-0.6176390750392704,0.06313179925295966
1.3688243573498171,1.8891312085395136,-0.38663026719036964,0.7182602545417718
0.372022243317856,0.9348812739602178,-1.2992269536678727,-0.7344476948638576
-0.4172911540359556,1.095068792838315,-0.4926854845298392,-2.190621757298191
0.2544802343252432,0.331162102466827,-1.191162032901568,-0.4257377293402522
-0.006453947638012386,2.314659426952794,-0.5088128690991934,-2.52603157004362
-0.3025440884530629,-0.06375804948199315,-1.328707108099819,-1.0673497703514352
-0.5437393621984281,3.5514335765542784,-1.0576933991696333,-5.29534056719495
-1.0244305697216194,2.1527188287095544,0.11658911528540439,-4.01674988845859
-1.0162805990072765,1.279986808165577,0.5143065799781226,-2.9458391972162703
0.1758777908103397,1.5565376103138941,0.7704006333562934,-0.7356427858477897
-1.265385345537608,0.4118937953392787,-1.3238585147386426,-3.7319552684937296
-1.2042212677539785,0.6575208244526936,-2.041167540189382,-4.102873019538305
-1.4161991132208362,1.804505732093507,-0.9684867312407117,-4.989452282722317
1.2783248778724952,,-2.5327562416299685,
2.2142739209962294,0.05616114150891194,-1.3143273027503493,3.6617944515982055
0.12895779562983234,1.816451460678316,-1.4662148326545201,-2.2866685602291916
-0.41424268978634626,1.1509776902387503,-1.285191911324166,-2.8342408879142993
1.811446884083994,2.2841421075723254,-1.3613998935991036,0.5385444664392951
-0.6310790871759404,0.7248464889935056,-0.9614690301652079,-2.4270170271560025
-0.549886759565884,0.1339951648355544,,
-0.7562159630519757,0.8523081652059569,-0.7476345801635353,-2.621787007195203
-2.2333543331805483,1.8913080779985822,-0.9785617263503348,-6.935398844496083
,0.8738403991596903,0.06281408904026486,
1.432686359277121,0.06017966960216181,0.05817822788739391,2.8998008958950163
1.3903470733353538,-0.23917464361864194,-0.540907245597974,2.6799915407262684
,,-1.4113122035948211,
-2.6307301312232863,2.196512556109071,-0.08164884128032135,-7.51656778735535
-0.7167905245601799,2.049481857984972,-1.116340096825646,-3.9309346311393054
1.7487197746054493,1.0325804466207296,-1.4405487641779287,1.8883099131058456
-1.300011691267746,1.1670762296410426,-1.239727290032658,-4.3672507976967445
2.143380467676596,1.4162399189146007,-0.18028859705594513,2.7220872606045425
-0.09296316817988338,1.3410758138416292,-0.6861827904622988,-1.8634789890794963
-1.6778740916552646,-0.013813604550217295,-1.7104757215081703,-4.170667674997702
0.5918174664205627,1.976916726995007,-1.824951781736253,-1.7148493821826907
0.6807654301525025,-0.3375774385733983,-1.8908309674400545,0.7655974547512115
-0.5121650302627095,3.5366862901975367,-0.6763910076357009,-4.901950612992875
-0.5118233412449255,1.2675136817398664,,
-0.8304746827037137,1.5340576257299903,-1.4974756266401612,-3.942130339401741
0.05634353765806199,0.9831661213143534,-1.0370405733332586,-1.0900009317985688
2.677826601270185,2.5973515340662168,-0.6135590398386126,2.4591387557389237
1.682310479838333,-0.5201729220054745,-1.2544165857847596,3.367907903760468
0.6403286899371718,1.4861426868567582,-2.7925598213764884,-1.6120034292095489
,0.8735160689330717,-2.7984845503130096,
-1.076856674418964,2.36931925604204,-1.0651854300634906,-4.959018450637352
-0.7836855432595679,1.674080487389376,-1.687842219025388,-3.818295403358304
-0.6968446039795484,0.16091999694556436,-1.206735827907806,-2.3048041405654294
0.9530436267220358,,-0.618060499054016,
0.16987355943100135,2.1080708514151754,,
1.1280751894589474,0.0808667668413019,-0.29183024004101243,2.0279526994140644
-0.08655460671915895,1.0267638966531585,-0.3819635531125779,-1.3418023947203968
0.3770327856767625,0.14661543726889392,-0.282484129509175,0.37707735006652426
1.3033996670564127,2.5560538648650812,-1.6146705485277777,-0.6386036666441054
-0.4049033680271021,1.6313209752517133,,
-0.8308900948580674,-0.5624826236652978,,
0.5273676865680544,1.118866823118669,-1.1533564589606664,-0.5624350626939647
1.090349694508694,1.496379326965747,-2.2914843962356564,-0.4202810958950895
-0.7326212891712646,1.6256264617334244,-1.490049916908053,-3.757027670862289
1.0900367506680095,0.9121798050188208,-1.436100974788094,0.5113699134749607
-0.2857411412420046,1.3468462608965253,-1.0267617684266064,-2.3579784943972495
0.6098383072958704,2.286362404506904,-1.3224604631702686,-1.6872531565161986
-0.14289336745873094,1.7449476762601126,-1.014312004761565,-2.6467361690137183
1.791641690067445,-0.3191738537976747,-1.554120714850131,3.1102290446333023
-0.27105305934911184,,-0.9948645761670966,
-0.4560859245604733,2.4606793448067563,-0.16635594858887925,-3.3568250203806858
2.3290760481545334,1.0514131419315467,-2.099052265419883,2.6650827630060063
1.7098235261377535,2.023675907866401,1.0449322224673123,1.9320516196314608
0.1326126556661524,0.3753036339963315,-0.04477568471839788,0.009902059414971576
-0.7300068809304014,-0.886903080987355,-1.173353743742081,-1.121169979049175
0.3841282165403804,,-0.8764081966601655,
-0.39270728010986844,0.036941546974972095,-1.0462819538140533,-1.4520331907872202
-0.23464453760551876,1.2852957368173898,-1.1570387002723828,-2.318164805811816
0.9081796996213698,1.414820378659309,-0.1173751390452954,0.2854775248966239
0.44306356424208476,0.45224310418678226,-0.34377750969202925,0.1618824198570383
1.3401208686388695,0.4083876467755774,0.19467955547679883,2.4235539844356953
0.44518792598078544,-0.016113540342163946,,
0.16848663896239433,0.9543067636210366,-1.4112740885938655,-1.3795846252485946
-0.5134005341933864,0.9619471060384813,-1.638828448406941,-2.8211387439201183
0.3474590770473179,-0.5136794896198758,-0.8620096555779836,0.7737159372198429
-1.8609798079734343,0.9731914318637341,-1.6647956087934266,-5.444599098692949
1.745547597891362,1.421741301183872,-0.44939243638713433,1.950636716248224
0.00805149562029226,1.7333777697831936,-0.9111899744314523,-2.1998097342537637
0.4500106780644974,,-1.6200210774027106,
0.184623187558046,0.3653724930541401,,
-0.3027347736441789,0.017767143446598355,-1.1074374626180352,-1.2202863836969262
-0.3338139379366403,1.5447634228665255,-0.9204080913660216,-2.6453809894213096
-1.22182526402608,,-0.9362249900594577,
-0.7976438424864448,1.1619469697819707,-1.013350025629832,-3.3430289775467177
0.3655255846001404,-0.787513941530533,-0.47593617415447376,1.319795892468513
1.2326031686415062,1.087983110977497,-2.1221034601845234,0.24071536006703192
0.25616947161437714,0.8544108547942643,-1.9555038878064441,-1.4421559647428854
-0.203904784238556,0.8443301891829187,-1.0669714576842544,-1.8310283046880738
,1.1059437639072713,-0.8895591761993872,
-1.470641682935217,-0.1829295805929736,-2.2801989788628316,-3.8938837074286794
-0.14523865584352144,0.08313485086534622,-0.9311270200918786,-0.6063173895144136
0.18515131820085942,1.9677233777903256,-2.376662416739625,-2.9277081997372005
1.6979754600386716,0.2577512641234787,-2.3463800913062065,1.9586638507806886
0.5485087462227762,0.24018735191777552,-1.3481265619652998,0.16623060806049306
-0.05948332867251461,-0.37219447188620536,-4.0163291602315905,-1.9287926905508077
-0.2836096361165675,2.7614065026249204,0.16108830857236,-3.171217589246566
-0.236129895049497,2.237128016875092,-0.4672242249131645,-3.0607486754248385
0.595290102308022,0.625070805002261,-0.07635915083454414,0.4279118410231581
-1.4300379182278353,1.6671284218105553,-1.7773871610962906,-5.3481248241562565
-0.9130445583771238,1.0474489247005259,-2.7049568546208995,-4.337908463040809
1.4164075454767684,0.7395715817124119,-2.375075104879092,0.8583628536369737
-1.5088665050697738,2.9398206391795627,-2.209336199438182,-7.157456444421835
1.9244246815555521,-0.4046985351493815,-0.2576968160463303,4.047586828694121
-1.0274060300568386,1.055244238892221,0.31763814978065863,-2.7921762875499643
1.0917083393061044,1.2496334452370133,-2.0768329905493026,-0.05597007148031433
1.1779199373360376,2.385146815489895,-1.4082262435534525,-0.7330555112140572
-0.042975555509584935,,-0.9815742600161635,
1.1336219809486043,1.4908246214696987,-0.5875520427177604,0.41631574624539747
0.039296743054389724,1.5962315733393364,-1.1910503627510107,-2.3132575364091807
-0.21119204394162577,-2.1388754219431934,-0.14546975539178986,1.6002350719140737
-2.035050296088847,0.9419857138765297,-0.8037592732130939,-5.519136695570478
0.940021608741981,0.28746259291140297,0.4578302306567954,1.7910558200298097
0.6499802208673093,0.11796168725153966,-1.452565869377774,0.2987108295270682
-0.09444016152374284,1.4393151860011302,-1.5525434261188504,-2.2904680607175334
-0.3750912070942223,1.952175753125006,-0.7802366496512414,-3.0054005889512183
1.3446086321725679,1.6519072557890668,0.14039349257920541,1.1931856153128764
-1.3375658201341323,1.9089746158848713,0.5450378280300971,-4.2409518553872925
1.9678303484994395,0.8933519026897684,0.0731050906229771,3.0323710554054424
-2.151755063603381,1.2078070247075423,-0.43485235344938744,-5.7993806453878385
-0.5352749570207439,1.342307427518881,-1.8400707465770554,-3.278170926115537
-0.14451489118719837,3.801834170657805,-0.7761729379727269,-4.4250213496270945
1.0414751099125295,1.4170964387314067,-0.488604674593634,0.36029727458333727
,1.648141090197973,0.9286758599918665,
-0.41042969397737294,0.1510427595504934,-0.46149654382913163,-1.0985347432936128
1.4507007791001527,1.2421271319237912,-1.2648042168108078,1.0890389243709584
2.3018209269596914,-0.8663469476069159,-1.9534383316644734,4.593637015632247
-0.23592559876383368,1.1596800753974268,-1.3492526975429182,-2.3345954343535618
0.6870702271328809,1.5602572943817012,-2.5872092525085293,-1.396080170628875
-1.0376154298913072,,,
-1.2777180154089463,0.2742598508945493,-0.6641974456469125,-3.22814830252278
-0.5530814075468724,0.4514330076734153,-1.4813597439552337,-2.1365855444155897
0.4789599352906988,-1.4256474026721135,-0.7349292966094899,1.8665655864139397
0.9198390722827702,1.915588575599425,-0.9278480443946708,-0.5635056142075113
1.2154998683107963,-0.2707222252884962,-0.41844111000847006,2.442869401870328
-0.19185341855031196,1.693200454496491,0.17942775982584513,-1.9272605259367552
-0.4496846850958448,1.6486027955000657,-1.119213388099473,-3.044153991253606
-1.3609803804352674,-0.02792221357933533,-1.4126985304771376,-3.2614058385820055
-0.15593828339710403,3.247695156423475,,
-0.8615559405714523,0.7824836352057769,0.7393318044907287,-2.1736366575871156
0.13050745298046357,1.3393948843938117,-2.609033940251135,-2.3547193938672164
-0.14694014869061103,0.3839814995506281,-0.6410697563516363,-0.9667553469761632
-2.2647374036985433,0.7269395989477457,-0.675562751407454,-5.665884156489796
0.29211227207423013,1.2965610091086748,-0.014284536737341758,-0.8243870007367795
-1.238472869421699,3.6401437921306257,0.2677813936327531,-6.081853207001318
-0.3065216261759586,-0.30311200239422376,-1.1736531856863317,-0.8369668609709087
-0.5134459330987751,1.941425979203882,-0.5746096799005461,-3.3077071735233825
0.1087462267484492,1.9714152659906752,-0.06095290332971115,-1.7320519616093208
0.5508995724348509,2.92615893057304,-0.1556287019207936,-1.9188221841120103
0.5913520833053478,-0.10055106907371947,-1.5145164675810223,0.42796800324536965
-0.9323783345567642,0.32756998035404994,0.052205109073917955,-2.0742584684831042
0.7234136463633208,1.3970491792962116,-1.9126018708436603,-0.8441719469750361
0.2612511620891544,-0.7242593284527357,-0.817367697054705,0.864296878216041
0.036074726412810613,0.648399034743737,0.6584914361295968,-0.6037147264704585
,1.5013362212392691,-0.9529400915659261,
-0.891589014047147,1.3474255897345637,-1.1851639395550322,-3.6386111938149295
-1.696336827368019,0.32173761140739077,-0.7982597334905445,-4.1706520791608925
-0.46744631307394047,0.7014944785562924,,
-1.3291931094659466,-0.1349809239175277,-1.327938776849371,-3.136561778257651
0.2689619206472863,1.3696133594831896,-0.8724612028405354,-1.2176192155579089
-1.529930000705576,0.685738023013302,-2.2305488923444914,-4.88941217736773
-2.315271857293174,1.2325691790002162,1.0239959514895691,-5.357924117153323
-0.4590043794572696,1.3671679480709344,-1.297529400867051,-2.9206181466072163
0.10657876649646536,1.94579197133119,-1.3593253013148698,-2.3408329116885978
-0.5159219090177639,0.8708958768519772,0.15407093455721932,-1.8931567212194143
-1.4757732205393803,0.9981578874103361,-2.3753255671999254,-5.175607675110837
,-0.37529824499290587,-1.5268176966845053,
-0.6800788732604732,0.8589222523028508,-0.5651290719884658,-2.4381856450168513
-0.6985382195123525,1.0908373549966774,-2.478968496881618,-3.678295048612993
-1.4188795929434361,,0.037467518025319446,
-1.2909164633104149,0.941692221785199,-1.3319069381884168,-4.393976835927056
,0.5154839552039148,-0.9283495899472972,
1.6636903742463114,1.7790027633669676,-2.265975998196872,0.3375337361681765
-0.6589714924888064,1.2279707788373453,-3.0011445235485295,-4.173684747257712
-0.9045394142529382,1.9968635449615568,-0.7957188944382256,-4.1513914640619785
-0.2206284339893773,0.752329506160911,,
-0.5220896329345305,-0.3494183295634956,,
-0.8585285144208586,-1.127467205024843,0.5675186380698256,-0.3730537728144103
-0.19372376452750828,1.6559112732438837,-0.5909331459854772,-2.3149068717400585
-1.4587651886595172,-0.28725950472844275,-1.273761105984308,-3.3797493574026274
0.20171145487390496,2.1357750421984396,-0.4382359738473509,-1.9127393260388732
0.4624710074220722,1.2569159002816348,-0.656541690563753,-0.5550452963357752
0.28369949106862696,0.22301622343410366,-0.15693318439566395,0.11113897658875443
0.369514953150314,-0.0689703695221382,-0.5984261908954782,0.6699099027557224
-1.0955200109026653,2.240649370538776,-2.2070588158376543,-5.575312218936666
-0.07406663809543461,2.2097057250983654,-1.362770385592235,-3.026502569711911
0.7860333876576386,0.7668169731796362,-1.7894897873938747,-0.17176989092520534
-1.8389226139476247,-0.48814965048010306,-0.7253485651107214,-3.6524231673983363
0.9045316237263379,,-2.4678184583242917,
0.4081035562172133,0.3784903023027274,-0.349616006204434,0.1435120137992852
-0.9694285260645845,0.370122519957672,-2.824093320456716,-3.776363067875877
2.087507200748375,0.953371768845621,-2.2783252393033475,2.149733984001267
-1.3181910303545603,1.4736249631691654,-1.1843490168610065,-4.8266773164015895
0.7080821927897843,0.5896125908390144,-2.108914029945311,-0.112783645936617
-0.3614854458497462,1.556831055168297,,
2.0497761221836797,1.1837163003817104,-1.55538736475626,2.1455048703647246
0.4877788625233585,,-2.2548165663267206,
0.6339476502400241,1.656092045798714,,
-0.4312154049647565,,-1.2857491577628288,
-0.13121446533577777,-0.31284972242457854,-1.6573227715158758,-0.8167737583743985
-1.184078583028178,2.7900359497080385,0.821517672902164,-4.6932929329604525
0.6278775631320082,0.12056449503887512,-1.6898323024322557,0.18420938674828613
0.5197392558617104,0.9301163124882915,-2.7310855644075023,-1.1025913878209275
-0.39974437111198907,2.0162924603583297,0.26055389102844484,-2.6712673319040845
0.29426993974103316,-0.31945081304382805,-0.6830246638240383,0.5486010270901148
0.12771475485553005,0.7367472469104853,-3.106706587735197,-2.1781795685257115
0.5209269320969802,2.1793851758845157,0.4089199482121737,-0.7931056638613206
-0.29725703407027665,1.3248817257594765,0.13503823819169303,-1.8720637901171036
0.7211034846347761,2.2803991347009855,-0.22268847538934222,-0.8544842909225805
-0.3991882476973353,2.0011318152526476,-1.7659128036339207,-3.775841649462908
1.5240668505743318,1.231706752284894,0.6159127415160326,2.039571254229294
0.44985640021590034,-0.2401815806494425,,
-0.5607124901374243,-0.28853197258510344,,
-0.9793857745508596,2.0923090412866028,0.37257269849609775,-3.9821531313475678
-0.1155627795825232,,-0.7909542293222025,
1.06923747212628,1.1525784330619682,-0.5024487621218305,0.7703469663653465
0.96992342669669,2.001502192910162,-0.8701070814099242,-0.391151020143215
0.9979843466877525,-1.5019961096928345,-1.1123109566607132,3.010728959178959
2.4586775605718794,,-1.1587172700111021,
1.2432326162302476,,-0.5512054613158821,
-0.0336405214054516,1.6936096243543126,-1.585418478207997,-2.571979529874329
1.1722570848724023,1.9410390888552358,-1.4513783909849702,-0.20505270540748294
2.3299041719038343,1.2241895887668441,-0.9683039759903888,2.992868094712984
-1.2468571229429999,1.7651278157660828,-0.19667017415886834,-4.346611084353053
-1.9413929262163463,0.7086990958266599,-1.6701723147488203,-5.396688290956176
1.3701881820081883,0.8705852292314658,0.17912927052481065,1.8489086519327258
0.1263212231538168,2.795134819074522,-0.4215336428011539,-2.82469286721831
-1.3737522274078575,0.331582751237407,-1.9538743888258963,-4.069844177632752
1.0017649647252078,1.641550211387701,-1.0817847691315488,-0.3075611317776321
,2.8129787230354464,-0.6156404675640843,
0.25357508879923796,0.605938190752965,-0.8962336498612872,-0.591415147120145
-1.0434634120541189,2.372800695852959,-0.8150239286989811,-4.822027931687832
-0.6178596317927598,-0.566966525839719,-1.7948294988767355,-1.3858158169171793
0.6958690396767645,0.06628292516347989,-0.527391699798868,1.2211430583547769
0.30305942239905054,2.0601888316471113,,
-0.437779457315307,0.28651046448023165,-0.4717658253752407,-1.2447898124625627
-0.8993097969668771,1.1733398744668977,-1.2501423609243538,-3.649619394270032
0.8565997867176236,1.9784786685764044,-1.4332719667227383,-1.0632827635624762
-0.8686733675723417,-1.244942763235458,-2.069797780541026,-1.463805544819375
-0.09319153549256058,1.8384020129960503,-0.6176448402724523,-2.395192396770929
0.9407673628305558,1.7009554819069352,,
-0.2224635554339822,2.6807919501104083,-0.6436425018893186,-3.405003262124333
0.3412154703755335,1.5078403107445868,-0.21449539812359653,-0.8724159456695519
-0.9471817566770034,-0.2040914602800854,0.94248106479851,-1.3341515148368035
-0.04232955915410276,1.205865404087527,-1.8126425297285047,-2.3152444648813324
,0.7838906917569287,-2.743749577402167,
-1.5241162838407478,1.8044662994642422,-0.33102303832791324,-5.086434742112365
-0.10774320000862159,1.3317050461460298,-0.7749540887420727,-1.823174435856422
-0.8248734324686422,1.430112717851408,-1.584895370820694,-3.8240475553698534
2.547211988076969,0.7995631825793335,0.4957991431138429,4.585273916190644
-0.6318718950573895,1.4985007494722329,-0.45183023680381973,-2.7939777212030794
0.05060483967870316,-0.15591581138057253,-1.5276486144977408,-0.540819528602994
-0.6707971358111933,3.0487126442053154,-1.9961214863799528,-5.336363442427155
0.20495190312575617,,-2.9236436717684837,
0.7619989846348689,0.029871067327187695,-1.8869893164627825,0.5208104071943308
0.05967241559051398,1.8036625853438268,-1.5131494221297948,-2.3668930481295316
-0.06438599678795749,-0.02554704623738413,-1.0743319686546238,-0.6170288085004705
-1.104687176347517,0.056006176810788344,-0.5219492230225848,-2.3951373902015445
0.4219337248097332,3.12885134382558,,
-0.24036550669408382,0.07350964693167916,-0.8826440845247526,-1.0087862648896948
-1.0576814533277803,1.4767352516631314,1.052990654042023,-3.003978265313224
0.18098574472957152,3.0791498292263006,-0.5052737437590811,-2.986332877903883
-1.296552683382497,-0.48695672502377607,-0.536139995269529,-2.496618050175786
2.165137962665004,1.488198749127963,-2.0771217451127013,1.8938718902433669
-0.5445081612229122,0.7303190483416524,-0.8618391466281862,-2.3204887381213593
-0.1920347737375244,0.41902879985247676,-0.7919225829142685,-1.2104777177200339
1.040520049745757,0.03523690712366645,-0.6959057548650196,1.5549874836700377
-0.7856639615504986,1.7127894867718823,-0.625749890907175,-3.6036295085738272
-0.6180199281735644,0.06695730597249672,-1.8196014606482076,-2.2215693966184924
-0.48552757358768,0.5005273373332717,-0.2659415118272169,-1.7118023965833873
1.4030461459020298,0.8004363540679033,-1.8563696851124738,0.8749672028252328
-1.392642654911049,-0.083232320946109,-1.2739856812499903,-3.3968946769645125
0.3238232002602841,1.0544528000336986,-0.27225624459145215,-0.5433994874691497
0.38252549645280626,-0.1542336052937472,-0.5626593896755162,0.5251268983525431
-0.060003945818972365,0.21426691561590172,-0.2105036591563384,-0.519498576391713
-2.101878029746491,0.48501691806835856,0.3405456307624932,-4.534769357368454
0.41685857690816464,2.7295232205763504,,
-0.8565024256165871,1.4285008606369827,-1.2856759192635907,-3.74804170688431
0.03234755719757845,-0.09078542661307076,-1.3946256311896792,-0.5138376555313704
0.15543082973235445,1.1507114931101077,-1.0993349451548367,-1.2330348241946099
-0.8712374210706874,0.1779682716127985,-1.189153812980033,-2.66136717847236
-0.5160383699838252,0.43342355034537994,-2.352997228896797,-2.565155491185622
-1.1492890021974118,-0.06334936864372187,-1.9010079338360528,-2.978363788286914
-0.01836055652689845,1.9033128052223052,0.7659791078199758,-1.6128782301773437
0.5219023518761243,-0.8330513540426217,-1.595868085962077,1.0154290497323653
-1.2135472710012127,-0.11236556570582867,-0.49774369731199675,-2.7772313643355075
-0.6601393409521188,0.05467687913202535,-1.0186378576185144,-1.9497039599269739
-0.36557795590518316,1.221093877403786,-0.7597657168183276,-2.348672016647115
-0.7236689110695866,0.14892809262336815,-0.8015471907508722,-1.9410266441250021
1.958059392073796,0.2728577550983825,-3.8428250688940615,1.769228999745538
1.1283154512731568,0.33128137906224486,-0.7981838197938329,1.588919602976675
-2.190301268112598,0.12751860930733894,,
0.8638568924604059,3.2843078928106264,-1.6183687827413038,-2.232266431233149
0.17808501938820742,-1.1793919608872603,,
0.5863423066134246,1.4637859224932934,-0.6168424705590352,-0.4798576646518518
1.3120913334384159,2.070191328366206,-1.2136344188322363,-0.15808618781637224
-1.4385987642483966,1.1268169954672471,-1.8507482422351158,-4.901868264767773
-1.4682071079763626,,0.8824829280537485,
,1.4149093348701884,-1.5916233269934446,
-2.4301302024302074,-0.17804364950401008,,
0.8436622321120397,,-1.2683482440266927,
2.560247718708843,-0.7552334496686672,0.9846737377830606,6.227636677531103
2.3411155344884205,-1.5302636824689761,-2.123277583668617,5.047277960930611
0.7715480637453896,1.3315687403856655,-1.7705313197166195,-0.7892649193157103
-1.7341135243799783,2.408792894059564,0.3158252753657187,-5.771226306054298
1.1447343898669886,-1.318351890716606,0.4387076721775194,4.055480433112299
-1.8936858371858778,1.8005756852125958,0.2717296599567751,-5.594631521075157
1.1919906852398603,-0.11891538282148906,,
1.251540639573933,1.3185656154833936,0.07287453086136297,1.342250315214769
0.4039036670078385,0.6393927919456045,-3.3966638677063705,-1.3728837739702013
-1.5418872076038541,1.5506072455262032,-1.5815521729435442,-5.612735654954631
,-0.38817004568909463,-0.5426034475637933,
-0.24740606275816035,2.2827832871184963,-2.6301393616809943,-4.155151039512253
0.7174347515093079,,0.5187939331210678,
0.3839261116501792,1.2394868925716453,-1.8250255886818283,-1.273469117747325
-0.5880414590828272,3.6708124311555466,0.7090177372415765,-4.441161709530555
0.16768052074990586,1.8861198869281612,-0.3059830834418127,-1.8104947653463632
0.9745099188154137,1.2351957410966758,0.11967265908905333,0.8251729592136079
0.5094559700217497,2.2918720340586107,-1.1040626848792108,-2.020608054539767
-0.4910067645868679,0.8991656809705003,-0.9604859704432429,-2.4008389725913455
-0.7613356916131211,1.077947357731707,-2.412118141223929,-3.8017399643942538
-0.11738397311179691,0.06968256229818814,-3.1244845010635616,-1.7152636169162874
1.757974159733056,2.088660629857814,0.5970496815476687,1.8474319290577594
-0.9422505646997084,0.4385985097659615,-0.3758588632974994,-2.4716856733622072
1.3994989122689916,2.7851186788683586,-2.0326449705849727,-1.1278096394763821
,0.7502651717926123,0.5501049506365072,
1.7817956645840067,0.6628719404525627,-0.42505360567248285,2.5387751592209304
1.3918090212843908,1.056669748781659,,
-0.11680300163555644,0.7689245215763088,-1.6148286324323378,-1.870979026276843
0.14472044173958132,0.07175620033741559,-2.5634476209791357,-1.0521031421103029
-0.7668284360192741,,-1.4601516107987882,
-0.39513524137683487,1.431836545531254,-0.12692269504777864,-2.089382387004514
0.8415354782460467,-1.1233835040667008,0.09034864355265082,2.6888662410181055
-0.525182178619702,,-1.0468691353253061,
-0.27889012944963515,1.6669448566326408,-2.09701244778757,-3.4375890276566596
-0.10381970656487667,0.6453141081370524,-1.1426154083658098,-1.707632514725964
0.909411735961501,,-0.33054256537813886,
0.36024273798195827,2.4126728490070164,,
0.3466189095773423,0.5851742858079407,,
1.0631588480418037,,-0.6472991722936083,
-0.43166482105142784,0.29275731322392873,-1.484107730355932,-1.8217917132177321
0.5449947750355233,1.593622659448567,-0.7333933486107418,-0.9542620859028269
1.202065225167327,-0.5648070851846068,-2.9804260729584344,1.4882015788195142
0.8425026481665628,1.391988255663956,,
0.07908969523581344,0.3238235066851346,-0.9060882839982448,-0.5686694914513021
-1.8575662564023474,2.7600672132644357,-0.3796122664259459,-6.820979489265569
-0.21959728862998634,0.8524342634434046,-1.2765649432275783,-1.8567768509458737
0.2553397070926774,-0.2881110243233125,-1.3594220054192159,0.04941850983619962
-0.0870042533955951,0.8838706107104258,-1.3386381587481668,-1.7574109317768143
-0.6669527222032485,0.7893618689905748,-1.416413286738667,-2.9781230980551743
0.1189859429049614,1.6662961197495127,,
-0.10002867079821293,2.698223540366813,-0.33906155832646123,-3.2384559697738435
-2.2161270533293442,1.1038095699800374,0.5658628512185255,-5.153456682946138
2.0210412492458687,-0.013670906346079592,-1.8129894088250667,3.2305833528822263
0.003787108262551239,1.6312934519857518,-1.8829276547383111,-2.6093981814495666
-0.9807840100775832,0.04463660822529303,-0.3782114806191561,-2.097951924397495
-0.2985007074171091,0.21580309643683038,0.18379014468296861,-0.680358387377177
-1.3502700045912175,1.019809501089286,-0.5040139022069806,-3.884324749245375
0.43844562830666683,1.4678186494151242,-1.9030718339861683,-1.6893884013582592
-1.2475748287915782,1.0326635711105006,0.8133360386389277,-3.0955915266944554
0.25985302793681886,0.1653995800355288,-2.361168962773224,-1.0557817384448702
2.256285396965414,1.3476185437372457,-1.1849598252916285,2.573654017993861
0.9749977291255043,-0.10647187105177047,,
0.8794532689699683,0.6726237168302138,-2.3244829221323293,-0.06830411059710936
1.0141654322656224,-0.20360356954225778,-0.937663204515357,1.9745520188807273
-1.4470560695012795,1.1891092379431762,-1.6309628561161067,-4.772308440804396
0.23071791878049697,1.595028180320705,-2.252626290897772,-2.1627566891523893
-0.11102202038684386,1.5921104665694426,-0.9644143440445223,-2.197128953553708
0.9733779885223365,1.1650266458046243,-0.09545362975192695,0.8020161454947762
0.3027056140534016,-0.39108846480566295,-2.364995997640217,-0.16852991238826692
-0.31589397377889844,0.08532992275032547,-1.959828336607736,-1.6248895556395895
-1.009324294545488,-0.4972245419871504,-1.6122503411081892,-2.317692802985603
1.8176949388976085,2.01709253180043,-0.8309204769027536,1.204129754444206
-1.2704080393830957,1.4997842371559322,-1.706786191555681,-5.0218994226659435
0.5080606761030401,-0.08678998780781355,-1.4886829323201252,0.23984634335482147
-0.9976395075789555,1.3719436313452504,-1.7489164653176663,-4.211565624618963
0.6427862522937312,1.17335126715113,-0.020652261874650746,0.09353277776943737
-0.11399303537374206,2.1539898713475796,-1.181394408033278,-2.8979497846195397
-0.231342709809586,2.4965021503051075,-0.11590888028083313,-3.129438096821231
1.5638591258006593,,-1.246770821151418,
0.5987517744593994,0.9118347001229455,-1.0299044844075533,-0.1624499472854068
-1.1711676006042469,1.0829373288870885,-1.59706765962207,-4.189405234140317
-2.2359597398335707,0.7732041588280216,-0.9170605881461521,-5.634099013024929
-0.1687698516779214,1.6574277643322861,-1.991175073606796,-2.9995398621516585
-0.059448255923841974,2.203505064250406,-1.8236101500741475,-3.3847433174226915
0.6787396532642879,1.1722841167739138,0.18287872016600204,0.37568653430595783
0.3293453658569166,0.25204594346951137,-0.09132052206320818,0.326336112722065
-0.5902241275701164,0.6825604626400379,-0.8329856892554881,-2.353189401659168
1.1011747197500146,2.283222580571616,-2.3224021536510837,-1.3524431066075635
0.7403772362332876,0.34914428540796993,-2.2179065245689262,0.1565902070402783
0.9403365774745469,2.3483004363643536,-0.42372729575722523,-0.6646601273350908
1.1590686788759998,1.8685361703274974,-0.7862390685992536,0.18806042842740409
,0.9012091085628564,-1.376242908176572,
-0.061251684209088934,2.067597472172041,-0.7703946453492436,-2.515223062199358
-0.5195885965249357,,-0.5653186489674049,
0.7926939217805302,1.667424476044707,-0.04569873424714077,-0.22233835183022915
1.2432639439207986,1.619388890003085,-1.0356103067818532,0.46077823024068854
-0.13502031298322134,,,
,-0.18386718453440132,-0.1924315533845622,
-1.1041410674464875,1.0271332272329057,-1.9009576999102753,-4.139933029669869
1.5581927802333946,-0.8472927682609572,-0.9141087310132306,3.5246513256885277
-0.5084389869776443,1.5234331866168098,0.7811684645157169,-2.2980739962606864
0.61330659936985,2.3212617541856773,-1.5484660494400613,-1.977707145907408
0.5482644547621033,0.9654326436890817,-1.6126065161358896,-0.7249561202363161
-0.8374471932155491,-0.017859034904020854,-1.088659821566404,-2.2846266351918794
1.1428054567763668,1.1297955277829286,0.25339303601276253,1.3650671531275904
0.45065977887626707,0.6514599061530728,1.0183693058757726,0.881491170952936
0.08888350506253487,,-1.0750780449882422,
0.331790260357134,3.3475791132772805,-0.658239956654104,-3.086672245730534
1.3991132496545888,1.7212932455335284,0.3289481654226538,1.263895166761463
1.0187073149745633,0.01898884426061176,0.2493808657947334,1.9834335275105535
0.5766800882348954,3.793435563796731,-1.2061738016827315,-3.3399461808440827
0.3559905195083188,3.0144177871440405,-1.8971062786129385,-3.135861871720659
1.1989292347217566,1.523672855888595,-0.21853220537475515,0.9686194820353352
-1.0926223728673574,0.6343792166015108,-1.8487074383153859,-3.711476224759228
-1.7983688935550683,0.42532676080981013,-0.7811020770766652,-4.4992664611327315
0.5254989263205414,-0.3560388609417018,0.1454348726336765,1.5313946228136488
-0.10205975594204199,2.4338497483440236,-0.43432688488698323,-2.770333567456826
-2.2013399721276707,-0.16461496505742224,-0.8484937192388615,-4.594740845885404
-1.1819466404682486,0.9986160066438626,-0.5678827660648742,-3.555338955567346
0.5865263646633464,0.8154531616977054,-0.8538924410877698,-0.09433552349523298
-0.4276228439626058,0.15308891476196063,-0.1971653631825816,-1.0376767327481824
0.2614408605491283,1.3434528883320382,-2.3164654350902407,-1.9639798485749211
-0.7144661733255478,1.9109974162632313,-1.4674671157803616,-4.049114344469966
1.6287647719616263,2.2489252620441755,-1.204651893207257,0.24235217250086963
-0.24630218974684973,1.0292333325532859,-2.7539090285038004,-2.8346368625660148
0.10418365726975404,0.15213327144179312,-1.4051271612488416,-0.5540346852132257
0.7051070887809952,0.8020254586745713,-0.6053420805379397,0.2566102350205468
-0.2989257422409759,0.33264498692897515,-2.6731428052799036,-2.333882395291429
-0.4737159997400207,3.124089287411181,0.10901181719569464,-4.014936967689274
1.6125804899439558,-1.172582587937662,-0.2457344248873764,4.048601818363121
0.7265422773779429,2.3340190317852603,-0.36331177820711247,-1.0592912069681812
1.835756708845483,-1.1108528024837487,-1.0544906768646412,4.0647247946128875
-1.0159467222078626,2.773769373456745,-2.040760961451781,-5.818531959092157
-0.12381756904659545,-0.3200237621354176,-1.2775170939728997,-0.6165945063365529
0.08303982123693185,-1.2715084753364985,-0.726568082136664,1.2464596852716265
0.7006097160203548,2.1466739923991875,-0.054738084204900894,-0.7366114951843252
0.7897627288077891,-0.2949396366014747,-1.1085138609130123,1.280834123533531
-0.7147070603188277,1.1212942709355675,-1.341776621323096,-3.3138046715732132
-2.3227775943952156,1.1347040010898755,0.08864604567339707,-5.941055590190484
-0.48490164938850033,0.1909399793940375,-1.7022924180649932,-1.9730229796156615
-2.0513331542370494,1.7012466904546109,-0.23898293378116786,-6.015860657173007
-6.644014704342914e-05,1.8847380909796314,-3.12546626425493,-3.3962389283075827
,-0.07341650917712195,-1.0410613054195794,
0.3002570637842218,2.209679163033778,-1.3398585897974153,-2.164417573959862
-1.075716867649671,0.5956174744444531,-1.6249817455722328,-3.5041262877947776
0.7719057867719687,0.40709336713085076,-1.3967839803906485,0.5290327062746034
,-0.014025940994621289,-2.0542980608219814,
0.4364121289375226,1.0591817205039262,-1.5449563006626388,-0.9743523936172278
-0.05510081798063843,3.3076406738343533,-1.1992757158704426,-4.209981222650225
-1.3956882709278595,-0.5275170013614316,-0.6991209659253808,-2.731092906533073
0.11776543355784526,,-3.2017176540337835,
