x1,x2,x3,c1,c2,y
0.5310751345397084,2.1059110789056232,-4.152336622920476, mid,very_low,-2.127578636959347
-0.883349793716787,-8.77305087449769,-2.5484621518852717, mid,very_low,5.265502894660414
0.9701293473841347,1.7089044404170113,-7.856513475678684,low,low,-3.154666601026763
0.030920898169701345,2.8478428466686854,-13.789731476026388,low,low,-9.827002777139416
0.8794710234056999,-2.168593588490432,2.1477314739508095,high,very_high,5.681233428331178
-0.05598971957198457,-1.5844340743482452,-0.49127461963039076,low,very_high,-0.1918844444829495
0.5917515883791404,5.748549468583267,-11.014115096733876, mid,low,-9.426738710878261
-1.161007469193989,1.7454537216038617,-1.8352168381665472, mid,very_high,-6.879962622164866
0.49194376142931584,7.6845094738083795,-2.107754174610171,high,high,-7.2291982597986335
-0.12038673190111099,1.3055088507029748,1.268039485748817,low,very_high,-2.1990468580728195
-2.1361943907617214,2.308970180426604,-9.474844876010248,low,high,-14.35352493543292
-0.7784292543711445,5.036927852882004,-0.23044742866201773,high,very_low,-6.508658457771893
-1.015304565890722,2.188272572850931,0.09741364120754481,high,very_high,-5.2992112014208645
-1.4024642233121665,0.8825451824958037,-1.652452889422833,low,low,-6.271700745683717
0.9165879027591045,0.655223337299673,-4.0501260803896955, mid,very_high,-0.5258806360798005
1.4860976194514035,2.095104419013833,-1.6914897153444413,high,high,1.573036945086152
-0.4450986377868099,3.874966016216084,1.7412680640073344, mid, mid,-4.413859425046476
1.450145600272039,4.258001509880062,-4.386471991553821,low,very_low,-2.150366238133982
-0.09541398042988093,3.637070934890338,-4.158125158876614,low,low,-6.318310753112379
-0.47370784866354515,2.623120714294454,-6.710481114945667,high, mid,-7.094726351272319
-0.2012878971313522,3.0957854243463987,-4.790956748959333, mid, mid,-6.159247020254612
-0.1147485221949665,6.672184567242636,-2.9971623466931754, mid,very_high,-9.104799411091415
0.9055313858575864,-0.5143261329215765,-3.3585540036831802,low,very_low,1.4640991684887497
-1.5048957742170945,0.7512869750518221,3.791732592370759, mid,very_high,-4.140700429344157
-0.6040031240482939,4.915526725080298,-3.8009804071350812, mid,low,-8.414377772278062
-0.27190868674086754,1.4019032159219136,0.7679643995199124,high,low,-1.1234319049768045
0.4824393940326047,3.897075632543035,-12.02616858207181, mid,very_high,-9.137218609715978
-1.4267507166182578,0.9530046929926947,-6.438763169827433,high,very_high,-8.472063722009562
-0.07489950584129618,5.906026590849312,-13.356921215507995,high,very_high,-12.982623723138653
-0.3918772130047276,-3.1859773120709693,-4.369223816520194,low,very_high,-1.3870165122157412
-1.2828988713397238,0.23984811186530108,-0.9514527080215776,low,very_low,-4.539799055479206
-0.8942207744755739,1.6850414936312348,-5.043329219150022,high,high,-6.771752627440996
-0.47368614311179275,-0.5647515470994424,-1.4664296855910068, mid, mid,-1.7020019281620447
1.34142333326891,1.9953022694311777,-1.055969957567156,high,very_high,1.3918966499498882
-0.6750903844737505,-1.8992872156621248,-8.627901203216886,low,high,-5.329399114814582
0.04310128935471222,2.9705840659959275,8.863595846309273,high,low,2.377150390009842
0.8292696792149626,2.388007589003078,6.518191558210216, mid, mid,3.3335110443230596
1.313962752004912,0.5501616386715265,-0.8836891176247175, mid,very_high,2.3518211524710937
1.2414769716377525,4.069265651284638,2.5551137455984367, mid,high,0.6195559708942076
-2.044887048152606,6.097553187778485,6.698589049782374,high,very_high,-9.00872219487344
1.1452827289934955,1.1618891468220764,5.87574247663251,low, mid,4.506745442079762
1.4945640854603843,-0.890266006363476,-9.327132220692945,low,very_high,-0.7199706655515047
1.3305738337347048,3.5865529509847707,-3.625176955193012,high,very_high,-1.717012659119701
-1.4761198556112294,5.582411442416237,1.3235964383614922,high,low,-8.653738091877203
2.028961679309112,-1.8575083702182313,-1.7754113636338802, mid,very_low,7.457511766014756
1.4626115871740748,-1.2545119236583036,-0.8131479908898922,low,very_high,4.035516492882916
0.5817492724002309,0.851011716364054,-0.2874490028279437,low,very_low,0.8192370998292811
-1.2280870720834431,3.5131336508956195,-0.2746501371918564, mid, mid,-7.36073841300143
2.081076442864043,0.8417602995275602,-2.0725270870057666, mid,very_high,3.757923801336593
,2.5415926535674327,-8.439175447325923,high,very_high,-8.506866968852218
0.977664100685849,1.9987177371621074,-12.393301919703529,low,low,-5.700716517174646
1.745391206002938,3.6190282681970367,1.8872724958892277, mid,high,2.0708818622147134
0.624644999839751,-0.33279140236871285,-4.2192078408798555,high,low,0.7936651410565438
0.9393584935849271,7.332668747478208,-1.1867516199814196,high,high,-5.069169285362806
-2.473892911920709,3.3777107437360714,-2.9514339421354228,low, mid,-12.813924982647743
-1.1647637174730259,1.9659792204559798,-6.701594757768643, mid,low,-8.360776734669123
-0.14021474709215473,-2.829783589025787,-6.256114113304248, mid, mid,-0.8231286603539539
0.08732938134959212,5.3492327714531696,-3.759059475043242, mid,very_low,-6.440078836986666
-0.9182378233697515,-1.162258239603454,-6.4706682822442705,low,very_low,-4.899791688064529
0.4748620460604687,4.299137957836647,-0.10756509432346295,high,high,-2.9372202117897395
0.5542551090548891,-1.9567919947755428,-11.528210974237068,high,high,-1.9978017956138776
-0.6136844856610139,-0.4245943633930622,-5.666660276023092,low,high,-4.986144314506967
-0.5557023295631871,6.4458810307034575,-0.2779064823242363,low,low,-8.519213777420443
1.7247392087226028,3.429020234571681,-3.9453053198246004,low, mid,-0.9214406446079524
-1.1943172689669375,4.135766689142324,-10.439522308193663,low, mid,-13.386921511773377
-0.9701226240677595,-1.2792238623595988,-1.0558115036106057, mid,high,-2.6242762769180863
0.1550013791424371,1.8535198390699241,-1.9333737869639855, mid,high,-2.808635706141817
0.8152165518475811,-0.963665868334135,1.1607500716923518, mid,low,4.003501623350275
-1.3785410793028618,3.003499511623927,-4.143487887828457, mid,high,-9.560180650988626
0.40028263558592786,-1.983625667885061,-10.216105931192887,low,very_high,-3.1371263235787734
-0.04090713847199029,2.9978428231454672,-7.768344933851393, mid, mid,-7.0330991819858575
1.8279949840858873,2.2509163628693303,-4.00160500588462, mid,low,1.5067213585261348
-0.2243552608701696,-1.662050102391965,-0.42924092941790404, mid, mid,0.4807855934832564
-0.8761384129131972,4.623869547252722,0.8014857876611123,high,low,-6.071392160573129
1.0705810735010322,6.003581439764559,-14.459454370610498,low,high,-10.995586348725215
-0.9689688051917568,3.3110794467233085,-2.8512164291562985,high,low,-6.847580816629846
-0.02442672805034909,7.521335235222415,-10.9482623017345,low,high,-13.938688035046033
-1.9907718831576025,1.658228483002644,-2.8498755122947874,low,very_low,-9.110709980745225
0.3768744920658789,2.5807046981684705,-5.238056555491327, mid,low,-3.9840507786210133
0.7985468750663702,2.071474088010205,-0.9822506759326837, mid,very_low,0.39134476114361777
-0.21030225580766596,0.9851772434309343,1.8718876733358636,high,very_high,-0.8456377977834646
-0.9504002174537078,0.6804329865943846,0.8037618064238332,high,low,-2.4759193804220847
1.891004694822581,-0.8594648224896484,-2.592332487667283,high,low,5.9047569856472055
1.6682746370711425,2.0990162690946232,-8.515484210515165,high,very_high,-1.694643487495069
-0.11781213723110333,1.412693863294678,-3.2059848733743936, mid,very_high,-4.1897483382144864
1.1093338110488786,4.455743021609094,-4.648796626865167,high,high,-3.2628812671960885
-0.43348273648908886,5.048035384975853,-8.951343623791935,low,high,-11.814320487032361
-0.3644160910041052,-0.46081386959536275,-3.8910814999622882,high,low,-1.8853266022470005
-0.38426236537377895,5.9006230878542425,-5.936639346875631, mid, mid,-10.060243382186053
-1.40946458235875,2.9744490139885,-10.928138444377389, mid, mid,-12.671505345883538
0.6661307381222048,0.4741747719491616,-3.0101298550114364, mid,very_high,-0.7011751377065567
-0.17531196897075937,-1.6563986956359464,-4.161201868318197, mid, mid,-1.030610181957989
-0.9622116351068142,6.78943484680305,-1.455979219833035,high, mid,-9.863784843095283
1.2797817203120676,1.710834768520545,-2.699648410174488, mid,low,0.8112309028483012
-1.5259084230535465,-2.342454713217604,12.593480124602488,low,very_high,2.8522738433458823
0.7577182957800656,-2.2078028388261934,-8.15738679103394, mid,high,0.10026903684093402
0.2813884773068441,-3.2220871937429454,-1.5476210846338665,low,low,3.022435029529929
1.4633039864959436,4.195275449328113,-6.610798827052865, mid,very_low,-2.647847380221701
1.4586391505458118,1.3738164264632085,-8.564194818273222, mid,very_high,-1.98378968432095
-1.0613976935916654,1.2731534603841146,-2.773524732061651,high,very_high,-5.956434624115254
0.7146847255291854,1.3262112122024114,-10.028037139435627,low,low,-4.599436078017314
-0.20056855761574074,1.5677146777463737,2.8870021931867154,high,high,-0.6374077570655482
-0.42981202650183437,-3.4057112263298377,1.0674794093382811,low,very_high,1.538751400173809
0.23259897670793928,0.04734354485880399,3.933710164753169, mid,very_high,1.9711121858989025
-0.24380425146417348,4.2700571167234225,-3.155317542580638, mid, mid,-6.623278845144139
0.3834196593909928,3.9892205997390926,,low,very_low,-1.6151980165892212
0.30880190617806635,4.115596961310469,1.0081215612152885, mid,very_high,-3.379376468669615
0.24839476989922155,0.10102843630898706,-3.8962952489293783, mid, mid,-1.2956267478431773
-0.025837595575645498,1.4523497964372551,-4.740999409963829, mid,very_high,-4.562701999765601
0.19685419022903622,1.0275935539900645,-1.065336683726375, mid,very_high,-1.8196420407017189
0.4368256096457948,2.904481612286001,2.814280349835573, mid,very_low,0.4613922497060045
-1.264179545534594,-0.5271830255695469,-6.5507276031683235,high, mid,-6.082509673879939
-0.6383403895750991,4.3790766907562,-1.8328610883116838,high, mid,-6.657780040881407
-0.5927184455301986,4.5842448948089185,-12.55744981481352, mid,very_high,-13.498743205622898
-1.298668898208324,-2.7741307503031534,-0.12480943955434709,low, mid,-1.567448427348955
-0.42565490114015986,3.47244109520091,-5.156721199465217,high,high,-7.2950005583500515
-0.2486541763485824,2.9234384361518435,3.548292521481198, mid, mid,-2.0076621300001545
-1.8161701496073375,1.6877057559880568,4.122118445994591,high,high,-5.1137939657774245
1.5495602867007754,1.3542209106646894,1.6226268858312594, mid,very_low,4.548031246976507
-0.3706442033614259,-0.5299900376099829,-17.156743748788607, mid,very_high,-10.014232216489292
-0.01685133231638541,-0.6063792036636988,-0.7735901981264091,low, mid,-0.5506975225702673
-1.0030720513243985,0.8055059234018591,-4.714229772713615, mid,very_low,-5.640523509348628
0.36068946171109506,2.989162313237657,-2.053285877412376, mid,low,-2.654060651166501
0.40914194339580867,-3.347043459787641,-2.9875979939448336,high, mid,3.448840644559994
0.7453982985449571,1.2168839300601846,4.397917401379939,low,very_high,2.065046491456461
-0.39769592227964723,3.307934782327695,-6.871068868910841,low, mid,-8.404138701761585
0.4552983494715964,4.71676374114112,-5.402214111328128,low, mid,-6.765695823668205
-0.8737232391568933,-0.3906045372849629,-4.034170453878261, mid, mid,-4.406299520023973
2.142482691718788,1.9498852178001334,-1.6390354080120226, mid,low,3.8117508621644958
-2.2958900474521826,4.881705379330828,-4.001160746144144, mid, mid,-13.937553396241725
0.06754778698236959,0.6773343075442837,-2.6214103745352055,low,very_high,-3.043272718972143
-1.2113194236565474,1.3452645738242521,0.2992162148014974,low,low,-5.179615498742382
0.542312702563866,-1.4551401341879369,-7.118154874165977, mid,high,-0.9415921416914371
-0.32393350134429844,5.3333701683460495,4.052947034601135, mid, mid,-4.273463277486213
0.2948954604711638,2.2076630522543574,-8.06720217583978,high,high,-5.04213341942346
0.11874433182889556,7.187262956232228,1.3239856129620744,high,low,-5.383969799107564
-0.00409882314990752,4.534369562618837,-1.780598981359263, mid,low,-5.29474691524605
0.9642269426223137,3.4429720970815323,-3.3005582195179946, mid,low,-1.874987828376665
0.6954704531473951,1.744190028452527,2.931584711914086,high, mid,2.1918644146103277
1.2517702460700262,0.4445835124085433,-5.3018484430881445,high, mid,1.1960154161629997
-0.850071541672435,3.5797531731726293,-4.043753283183383,high,very_low,-7.182271874340485
0.7700175838114945,6.620922163334368,-1.0244908437982077,high,very_low,-3.867831002325363
1.7791613252070444,4.07120652657079,-4.238929741592541, mid,very_low,-0.4093116451962588
0.8782098566843284,-1.6602126460427442,-5.1609977647703555, mid,high,1.2139358425662128
1.7005613425414396,0.7788994732524133,-3.9288721843989483, mid,low,2.552821713984024
1.0130139077034002,1.310617880147157,1.5687999989851305, mid,high,2.2923305159213774
-0.0522596667651972,3.953176488711316,3.574119442544859, mid,very_low,-1.7680711559853932
0.3778503527021664,6.6769173403691315,-15.337438971578846, mid,low,-13.103051547604672
1.964603009256245,3.6120275970165907,-1.0493029285789566,high, mid,2.097440077524873
0.010700776803086643,1.4945930183151308,-10.78745547341531,low,low,-7.062691677962019
-0.509743790719821,0.4994740609416215,0.282951014928269,high,very_low,-0.8261851457049066
-0.6267997837916681,4.353375409439714,-0.07871364902732836,low,very_high,-7.522241838922774
1.5072405144400784,3.2359152872439148,-1.4881632173556432,low,very_high,-0.612828643078484
-0.7464484627355246,1.3861797536783178,2.7960498825616185,low,very_high,-3.402486883890156
0.029122659279471927,2.474623223612931,0.7500203227599718,low,very_low,-1.993112756562253
-1.0112184432892295,3.888280375970318,4.833563287128042,high,low,-3.9172909563956906
-0.6145587177320198,3.1361570118499484,2.173965917983125,high,low,-3.1729044953280217
-0.25557571792488015,7.465804165346222,-1.5446344957770628,low,low,-9.145948339295577
0.3889549373552408,-0.40915271504456907,0.5991293799149067,low,very_low,1.8101640829322516
0.25798324925601257,-3.647588744736886,-0.6228131187940846,high,very_high,3.9584206551898924
0.975446110680904,2.797493147960318,-8.201961470935766,low,low,-4.234624216248351
-0.9520156883258681,2.604221849037499,-2.51156069374559,low,very_high,-8.055175912463874
-1.414100328909664,2.595006834936585,-6.228576180815548,high,high,-9.793965625257192
0.4855437745532536,-0.9950306122146526,-5.878818621198068, mid,high,-0.8010744191955089
-0.7354734776463057,2.214410475223577,-4.91260756945784, mid,low,-6.753164633844438
-0.5129264604647179,0.5146793508075542,-5.537544578362187,high,very_low,-3.6252450197328483
0.01572642111364572,3.4780749080805586,-8.930443954586895,high,very_high,-7.985506839651103
-0.21797420790232963,1.6989592929821125,-1.2312665639270557, mid, mid,-3.182353475372829
-0.45728233189861506,1.3283573647044418,2.4889234097145456,high,low,-0.7829550078470897
0.9789863500454564,1.2455852625865464,-15.153137384413329,high,low,-5.2566474638281075
1.0763726468379449,0.3356292252008941,-0.6000308234149347,low,low,2.318751512670013
0.15665996167523677,-1.9101642083719983,6.873070572987437,high,high,5.877765853492732
1.2603073676117018,-0.7062313623953425,-5.169786616381568,high,low,2.7571150089952785
-0.44900541228429036,2.1931092494536353,-1.0966230224875613, mid,high,-4.484992300396836
-0.04329788736096996,1.9232829338023356,-11.449797819320736,high,very_high,-7.894336509159781
-0.21718632379596384,1.9595582009567731,-5.878682472356969,high,high,-5.5405216478599435
0.5733383987833509,1.0252040509575826,-8.501216930820988, mid,very_low,-3.2324121217844795
2.0200423213529084,2.3601749786991997,0.11659002985613753, mid,very_low,4.3244503497065265
-1.33450043196379,5.6116278710327565,-0.9095302717741567,high,high,-9.87525532637943
0.5448726362132171,1.7300663813664008,-1.0656338816741868,low,high,-1.6862143080207097
0.4865942704328078,2.869785310705667,-4.742677152373982, mid,high,-4.0835775709493465
0.5986985397581709,6.126081810451907,-8.760220155414846,low,very_low,-8.839574835592568
0.19262310296174268,10.490266131619908,-7.653395049781906,high,very_high,-13.790135658896595
0.9658665904738557,3.6570406739503074,-3.564174108988741, mid, mid,-2.741563761790856
2.0230744911385576,-0.6963742795441892,-0.8379788908832908, mid,low,6.472739236623743
-1.0467763938439274,6.156168931554114,-2.723641903435903,high,low,-9.923733297672436
-0.4520905014826382,-1.1818319319313777,-2.503315705989655,low,very_high,-2.6884065096620207
-1.0586107915687397,0.3087631943464395,-5.839594326689458, mid,low,-6.285363745673592
0.4782755891985441,4.290741913574328,-9.332758730898329,low,very_low,-7.547727794948935
0.38332634285244904,2.4310501227219454,-6.726433768706013,low,low,-4.933375782848265
1.1702541936030737,-0.4883263293048774,-2.219459723152899,high,very_high,2.5376128553816497
0.9286578440393085,-1.738056867733829,1.442408568365627,low,high,4.3866257798710695
0.5624099409683418,-0.8987472525280387,-0.3771904945952911, mid, mid,2.225485685855277
1.553042869649449,3.347337801301792,-8.88020976955449,high,very_high,-3.349683665049458
0.8451424966598524,3.618857218571904,-4.917917561032206,low,very_low,-3.6760919755704466
-0.5415610141570096,6.077104549425479,5.240485508358862,high,high,-4.9653930035008855
0.37754393882414816,0.8023198500779629,-11.593240173317426,low,very_low,-5.392594234087811
-0.0544283961247372,-1.8547190440544665,-12.196448286946318,low,very_low,-4.261302421269473
0.3206405530333201,4.627570980250884,0.4753021850566994,high, mid,-2.9046901548652406
1.149766508739108,4.402236627879884,0.6868177286308801, mid, mid,-0.6249330368995653
-0.07331939119411571,-2.4426505585566574,-3.720190587836104,high,low,1.1271836829080015
-0.2878956478829876,8.049783022223922,-7.251668553968181,high,high,-12.320850009377939
1.4217620028098712,1.6028554715545487,-9.710344634009099,high,low,-1.3391427998568437
-2.082045519469414,3.194970586127662,-5.234078658965299,low, mid,-12.773144848677065
1.6465644703566438,1.9726716511254598,-0.8532398080661334,high, mid,3.0099811733657296
0.3354607180856999,2.678946880981595,-4.649964278209566,high,very_high,-4.162259008707487
-0.5009416734676874,2.8451633145622592,-6.045121418945506,high,very_low,-6.559242220191757
-0.19235692655601194,1.414279001066205,-6.225830430618306,low,very_high,-6.106722837956082
-0.2451783775570615,3.0104434996786735,-4.033147296083537,high,high,-5.706671284645478
0.8515517680932277,7.756579974901657,7.574556908255639,low,very_high,-2.475141189270855
-0.037821801506326636,2.1159260765500405,-3.216751032254947,high,low,-3.1170460556565276
-0.6092018808542443,4.9811989382737565,9.832531247312534, mid, mid,-2.123191224812667
-0.24631907611400286,1.178844636799456,4.587003167696053,high, mid,0.6420252289887397
-0.3468842204969558,1.5838805354776828,1.2474196702866536,low,low,-2.4123648610621355
-0.4295847303297493,1.0725886761258487,-2.518937147890091,high,very_high,-3.935789646119809
0.3399975417050259,-0.4529276181265498,-4.888997377227293,high,very_low,0.025843389741487224
1.4434656876333247,2.583695671519123,0.8105054908340117,high,very_low,3.224307974266541
0.5946375315905615,-1.5542534862013664,-2.371556584486074,high,low,2.824004379723099
0.03011569009739454,2.685839516729726,-6.9247649065852706,high,very_low,-5.052386523457437
-2.794147271746545,6.123261527470026,-11.20960015780763, mid,very_high,-20.75981877076267
1.0367212625488615,1.2523081907882392,7.794987737500872,high,low,6.522242556141654
,7.287211514504582,-8.075622408264287,high,very_low,-11.231552864088254
-1.0240590387028308,3.1382366988022907,-2.0241378963370398,high, mid,-6.997124955516525
-1.1780312208262047,-1.762126908077775,-10.437379012355064, mid,low,-6.8325333993653
-0.11875829785520702,6.019091501464759,-1.4807721759983992,low,very_high,-8.457986064049548
-0.9131503030098157,5.065811645452673,-2.5416837316583063,high,very_high,-9.309675702454754
0.16706257765401872,0.39953134065292395,-14.300897733497635, mid,low,-6.829552165997053
-2.1147292866126945,0.8562529650989719,-10.400720536188473, mid,high,-12.73032168131502
1.0441884620676518,1.4415168718500875,-4.641453791057838,low,very_low,-0.42403492555440636
0.42083465068795606,-0.028269463592453636,-6.91103462419867,low,very_low,-2.1298745956190177
1.2594939389644317,-1.0399600586842066,-13.099176657194713,high,very_low,-0.6783283363243484
0.20017695009647227,5.184339573719585,-4.456226200239151, mid,very_high,-7.5794005102547874
-0.07455695412469746,2.445084038846354,-5.187500243827791,high,high,-5.253147962731125
-0.4822014814136819,1.5619488236042645,-9.045548192328127,high,high,-7.440084595996609
-0.02590303482615013,-0.11513689196305288,-6.088040606239948,high, mid,-2.553729017379507
1.1491443093333167,1.8530013230738398,0.6908653934520395, mid,very_low,2.3640420816653975
-0.7944754671710279,-0.7140271580403619,-13.746466090926782, mid,very_high,-9.085575404931339
-1.0537737807266492,0.43165417079585655,-13.408034155731084,low,very_low,-10.394502386997779
-0.24517335219853983,3.3200362903183165,0.4689708307289129,low,very_low,-3.7939320617594197
-1.5375308529666887,0.25005832727147026,-1.55362912396787,high,low,-4.854846974066607
0.8301948550290921,4.035170936082835,2.3030052348596213, mid,high,-0.8154183858929
0.41050878472016394,3.9691706411123198,-1.470957811332609, mid,very_high,-4.24302405476956
-0.0015983317401786728,5.8405410152773,,high,very_high,-8.190478470831865
-1.3529563451510942,-1.8689536504110862,-9.166709787970797,high,very_high,-6.9819069002974175
1.8591560826960682,0.7708676835825505,-3.9782666621734553,low,very_high,1.654699356040237
-0.19846415098318476,3.8179558735191144,2.446767116135981,high,very_high,-3.5984147346537076
-1.6095621961087216,4.636035175708551,-10.540466263404506, mid, mid,-14.755736272779053
-0.5164280699294281,2.4648555635491145,-0.6456873006700667,high,very_high,-4.654921344065016
0.1284890698268155,1.0497080335997095,-2.837526268700633, mid, mid,-2.244957721260533
-1.116600634679837,3.6816933494068826,2.546483964400636,high,very_high,-5.933759802513997
-0.09254266727538488,2.799587453691958,-1.0057210619965147, mid, mid,-3.752173759791589
2.292762755476737,-1.373629954515656,-1.5355673093176774,high, mid,7.912757275147992
-0.706653442747217,0.38894658866877774,-2.226461564039433,low,high,-4.668309093484614
-0.44041559118707146,-1.0617575156662031,-8.029970342721331, mid,very_high,-4.927914136551859
-0.8262308880827784,1.7027487512495616,1.3828139281579759, mid,low,-3.3350497776228027
-1.2069756341311288,0.5193996442154811,2.0478200079868296,high,very_high,-3.3261072720757214
-1.0326494885100663,-1.768219848516896,0.3516455594015375, mid, mid,-1.3234780698892803
1.9104634948299155,4.009216771805537,-6.829890280784309,high,high,-1.6869126359536413
-0.23561517311074773,5.340411147707255,-7.3865055853559785,high,high,-9.790626485210003
-0.19625656033504604,3.7731379767050233,-10.899392017527557,low, mid,-10.336937532640809
-2.3008368276558784,1.5140440365816281,6.383413392868041, mid,very_high,-5.886034245126522
1.570440733081343,-4.562140509392027,-1.0689902444180495, mid,very_low,9.162458813556377
-1.6763574048192666,,-2.3074046803245167, mid, mid,-4.678138837012705
-0.4530071898169213,-0.8983886561003565,5.753496357872061, mid,high,2.0018333144295
-1.853176420195599,-5.469831780185323,0.3959747218810836,high,high,0.26306027887222816
1.418990251921421,2.7765910771306146,1.2803197698893598,low,very_high,0.9425354467752428
0.8066983382754511,7.054715092593662,-16.248622761970484,high,very_low,-11.727029765118946
-1.058469268447886,1.4138467028611723,-3.4964091796047487,high,very_low,-5.390570217619544
-0.6759464214746455,2.1938574326171727,-9.373592138639378, mid,very_low,-8.456020816370573
-0.6287815789765709,6.836056446621631,-7.290438322726035, mid,very_low,-11.962593981296076
-0.37651882414688964,0.9679938592433457,-1.8334829658461769,low, mid,-3.58473723293548
2.721172899582498,3.856320825014927,-0.2319090290864878,high, mid,4.594069536181153
1.3809165416663771,-5.530505517160584,-12.273344971633326, mid,very_low,4.059033959064703
-1.1403376425978633,2.664292185526385,2.319416999423046,high,high,-4.787219524888408
0.9774722424520215,1.034053717056974,-6.353366405025467,low,very_low,-1.322141929598899
1.009839627644617,3.78448134254849,-2.4813498835235803,high,very_low,-1.144652376866441
2.7709359268209166,1.8992845778649285,1.7078540765608086, mid,very_high,6.513967468671159
-0.7189496855912173,3.9702559594371825,-4.294926944233757, mid,very_high,-8.856364918804063
0.5234758499290967,2.0473307740402893,-0.31204095626237294,high,very_low,0.4228807247147516
-0.9900695912059213,3.2088233259810885,-5.175206419930146,high,high,-8.669343161703642
-0.9494535766457853,0.5480303236318327,,low,very_high,-7.3274237789549455
0.3687924625962386,-0.508828064453902,-5.908934189583325,low,very_high,-2.5445615940218684
-1.831376820563061,5.906881379735577,-4.554700396326304,high,very_low,-12.74789800486672
0.5011363754839692,2.1899497518073527,-2.635106917620814,low,very_low,-1.9732047386420437
1.2080123968590217,2.5723167795250217,-7.448888073304315,high,very_low,-1.7009678811190159
-0.6786461179575806,2.396483869316093,-7.2746007665666825, mid,very_low,-7.6047890774625335
-0.4496406332884665,3.301323811297721,0.34923530341643527,high,very_high,-4.687217372216042
0.024530974011888747,7.6672522928631315,-3.8256476394351693,low,very_high,-10.798866055435935
0.3408951118207716,3.857367443153275,-1.027129816687604,high, mid,-2.993163024712629
-0.548579829493412,-4.711484789096803,2.877436746663176,low,very_high,3.174134785328458
-0.8152544630771936,-3.7443001812040038,3.299555413733989, mid,low,3.237666317463124
0.5630260684726636,-0.4035977807922424,-3.456531464513523,low, mid,-0.31743624029312445
-0.5561861095342522,4.940303948740653,-3.924888467532167, mid,high,-9.004048049641296
-1.155467955007649,5.216443890427376,3.743086989305005, mid,high,-6.986698998341497
1.3700515053806945,2.306297144548539,1.3727415529173062,high,low,3.295896134190531
-1.3404467257687955,4.64181705950713,-5.112053336955565, mid,very_low,-10.73323839679009
0.2512194401571155,0.6453643877240429,-10.375985962746174, mid,very_high,-5.717615128404145
1.256445948907741,0.5752494688016405,-7.0406648392346565,low,very_high,-1.4567905771138823
1.1669634714296369,1.2593297584404812,-4.425894915633106, mid,very_low,0.5780412707697514
0.387371965783143,1.5851525921454073,-5.479762258768479,low, mid,-3.6742664834510745
2.526992705319529,-0.07412490007619876,-11.388760087399028,high,very_high,1.6410397918548558
0.8882949078150602,-5.089907787611498,-7.113672547477255, mid,very_low,4.841889402569073
1.2397096714848794,1.5325228875161088,-7.305264771228644,high,high,-1.2378551546375738
0.3624461743887349,3.9144854807853093,-0.004799327927188735,low,low,-3.1148632186108935
-0.513107918257509,0.1846654652351376,1.7975850938091007,low,high,-1.5414174973341466
0.0324127340113664,1.062013701168481,-4.752618985415364,low,high,-4.332574784445392
-1.497716565505336,-2.1143600327009047,-1.826301891387874,low,low,-3.4752708861059585
-0.07320758915508122,2.506629671028629,-3.3012129619995294, mid,very_low,-3.8839912775841796
-2.0590453188492925,0.4927920395898222,13.440413665490127, mid,very_high,-0.506143877665743
-0.43741839366849516,2.38395548334961,-10.421792918271244,low,very_low,-8.87430386834652
-0.10781225504390946,6.050185117168586,3.1032628420846624,high,very_low,-3.7587489785337564
0.1442215146508997,-1.9509584267469817,-9.971445911169834, mid,high,-3.065996033184476
0.14100117311462934,1.8230394416669067,8.16266361205027,high, mid,3.1279607253753055
1.549468307149393,0.16715083770500572,-5.0715699214774,low,very_high,0.7956238131500191
-0.21893952778198542,4.750368117937456,-6.990213021627984, mid,very_low,-8.464745983295686
1.244836634742433,-0.006022115376865589,-4.34761223137318,high, mid,2.100695351754707
-0.6348631469452958,-1.04305296585588,0.11617751378099239,high,very_high,-1.0530630031423653
-0.3256362998622494,-0.5816705785607033,-4.485025679717216, mid,very_high,-3.3527577571781255
-0.7922125313321994,4.14834019440848,-14.720711102995951,high, mid,-13.373010414409384
-0.9023170894537189,-4.3029384096901175,-3.327854549759544,low,low,-0.25198511823241765
-1.1949105917035994,1.9981779429806041,6.702236091527789,low,high,-3.142649241902511
-0.08056422871605187,5.5463765049726685,-3.3970882868566665,low,high,-8.280486189626878
-0.39710996108150615,1.6197889474850184,2.1848766247450424, mid,very_high,-2.4783619456299677
1.8126367465873763,0.5459462511585575,3.7588973474273306,high,low,7.371717167463849
0.5135478513078141,0.9271958579160005,-0.14953447033334522,high, mid,0.9792317897953657
-0.8200949239002593,-0.6950082249674487,-0.3973339691091189,high, mid,-1.4323727077081894
0.8943482979776816,-0.10228570680177018,, mid,high,0.9171103780268697
0.7110674213143382,8.323245956556889,4.281054250023809,low,low,-4.533805316954231
0.17798480109134504,0.9300365352826541,8.053149552856642,high,very_high,3.598722581594512
-0.6028416992496636,-0.7958664223229182,-8.740331444750627, mid,very_high,-6.247564452253594
0.502281212678303,0.6130802598568601,-7.227561945493558,low,very_high,-3.9284210532139188
-0.0038128639503251203,4.520541812412638,-7.341605800551484,high,high,-7.9982230710411155
-0.07689890806817713,5.19152540932283,-3.574994982215818, mid,high,-7.6135312180151615
-0.5269373477042991,0.6517987559594332,-2.553769126478774,low,high,-4.4380048775526415
-0.35244891520825267,2.2015570913456552,-5.164515010168095,high,low,-5.136951552365889
-0.6550129693333545,4.908447887077717,2.427616581859999,low, mid,-6.475928461133929
0.21197120972593583,6.0017365029307586,-1.4662596125759395,high,low,-5.681538825795478
,1.5919340968490014,-2.739840532242112,low,high,-3.1757583835258725
-0.17023045249453936,-1.8405802817880388,-4.4582761559345165,low,very_high,-1.972469430091497
-1.131597543397661,6.268319410116838,-1.0891072636166772, mid,high,-10.497056418966764
0.5704765666369894,3.0890930838536246,-11.035383428960477, mid,low,-6.564903374718609
-0.6019882179868344,-2.036514903970737,-6.332875044092434,low,low,-3.3206441709020673
-0.739656733612796,-0.9556453990011486,-6.514468397379497, mid,high,-4.842795165548178
-1.3074809040801225,-0.820662210616729,-2.361459110688296,high,low,-3.585390280757271
0.26611005968452767,-1.0880225905151275,-7.675436011436082,high,very_low,-1.0801497962771474
1.9727728211663051,-1.087033982063458,-4.212714548796996,high, mid,5.270864014634919
-0.6572556489794721,3.1470684204388677,6.488512182287936,high,very_high,-2.1537415755555935
0.5371895497910674,3.8021668917012006,-5.6907456717916,high,very_high,-5.172924874314931
1.4439097536436676,2.4305418218891317,-8.822670282409362,low,low,-2.8122375121443106
-1.9650430128062593,5.140286394774286,-0.31709643681585487,low,very_low,-11.332252907237935
1.7243106453050399,3.5885248336673365,-3.029658161577889, mid,very_low,0.489600388508864
0.892713235646735,-1.2240338560706183,-2.8444956751990014, mid,low,2.5901501349380327
-0.04769808422173125,-3.586609890997896,2.774384802227228, mid,very_high,4.161609256566988
-1.1288093365787815,0.1732197240161597,-4.313891813064427,high,low,-5.077068972665953
-0.5343605575927924,2.5538382064376632,-3.7715648262110713,high,very_low,-5.089194143832975
,2.118340368021906,-4.782887982336519,low,very_low,-2.6897648870682342
0.026560602131189513,-1.2809401687903277,-7.446336449823298,low,high,-3.3058762555197663
-0.9832995923889885,3.2676997566734216,-0.5559739651175204, mid,very_low,-6.051185507982688
1.090311494773514,1.1575926385404651,-7.763381671442591, mid,very_high,-2.3855875550632164
0.40397970504902436,5.4401561403044925,-8.516989610804037,low,very_high,-9.630762265362614
2.058821283729661,0.8652655086999543,1.5108417933898126, mid,very_low,6.532426006619894
-0.8551846641451674,3.9152124057956144,-5.3585206537876235,low,high,-10.022215812706548
-0.761470571617207,1.885325804539273,-1.140065747088535,low,high,-5.581443765549384
-0.14960932908354166,3.294116201216427,-10.884603282074234, mid, mid,-9.186658228644376
-0.5328993751107627,4.1902544818648755,-1.3704119335977267, mid, mid,-6.5489901541587905
0.13768818721400805,4.022047919637569,-2.949116137350088, mid, mid,-5.263713263109848
-1.0084948007772931,4.620626634781498,12.88175347790451,low, mid,-1.950489482636001
0.5222947571681613,2.089138326838649,5.183271167269522,low,very_low,2.13170751080491
0.040075596076262536,-2.027791980486591,-9.599922989896564,low,very_high,-3.886598726590402
-1.749418321345781,-0.7964084877334261,-12.526825367120203,low,very_low,-10.743306607825913
0.48885156493662074,2.7318677149468864,-2.266364159008317, mid,high,-2.6328380708719026
0.123208806204195,-1.5483491786181496,-3.576278527842942, mid, mid,-0.035494264369620485
0.446484897586668,4.801580482456075,-0.24315691905675418, mid,high,-3.912508557443858
-1.5199946439253273,-0.7844506177449628,-7.481686446380203,low,very_low,-7.635091171701898
-2.409541442858413,5.097551164408806,-2.341577614515606,high, mid,-13.060292894508962
-0.11949166146826047,9.530132300669532,-3.0133230601022225,high,very_low,-10.383390466984379
0.821423785764222,1.7170276470505792,0.4617819372667462,low,high,0.17122142631292647
2.1625985418282316,5.164440321343314,-4.744243869635131, mid,very_low,-0.46389793644756716
-1.6569739005486823,6.419596913036579,-6.518671683422166,low, mid,-15.239903570944174
1.519431405553685,2.5347331605927863,-4.600803677809138,high,high,0.057747262829288604
-1.5217000723864715,-2.191323039129763,-0.5570511406979692,low,very_low,-2.7659832654212533
0.4958811337896825,3.023992142052556,-2.46193486625695,low,very_low,-2.7366177104437526
-0.48287840402815496,6.814289047088899,-4.748710735840376,high, mid,-10.129012645286116
1.0464031470434183,2.759625440921557,-8.851832331568337,high,very_high,-4.415430222104586
-1.1110069835479734,3.6300539221609647,-3.3674967986281956,high,very_low,-7.8283176034203334
-0.7554604502788087,0.5176060090469223,-4.624872726881317,high,very_high,-5.238560562094961
-1.6688110536333698,5.554513594793203,2.8868079883158426,low,very_high,-10.220169492367662
-0.6927675228785232,1.6979094628008808,5.556565250437252,low, mid,-1.61848425391052
-0.12539996367783668,3.4666131369601083,-0.4658072015247843,low,low,-4.109951050179189
1.5885713855081365,3.4324195438295737,-1.4461909421217563, mid,high,0.36187906345505383
-0.14046637192671213,2.4278541442365054,-7.3694160568777844,high,very_high,-6.8218306579533445
-0.6954365845491509,4.455677311580335,-6.570217463686444, mid,very_high,-10.4866340312868
0.25406370355066876,-1.312568689882001,-2.3224506213640326, mid,very_high,0.27088660025139183
-0.5191676900461303,-0.7744552053575866,1.0305231256663347, mid,very_high,-0.9685259914989086
0.051133663795223834,5.816086366624171,-5.6967359117729925,low,very_low,-8.627879730529097
0.04484640098182672,0.5688262426293971,-3.927308952763897,high,very_low,-1.3806122001064645
-0.10639164790196286,5.637839786266056,-5.040522619120792,low,very_high,-9.686323525482809
1.6950277269271152,4.824672125194136,-4.738297798969468, mid,low,-1.8607870533406823
0.07459774273808252,-1.4024870084226393,-4.668340017299989,low,very_high,-1.8642424908076858
0.33645554151349266,-3.64063374279098,-7.987322815446495,high,very_high,0.4310777981197858
-0.15418920912178669,2.8257394891216006,-6.627373547901939, mid,low,-6.351252138503768
0.5241378503588753,-4.514911265150895,-0.2005584479146103, mid,very_high,5.274219886212164
-0.07735724301337231,2.4126900074376936,-0.30652747240003997, mid,low,-2.715818229278038
1.6393759767851612,6.179357856771705,0.8095791622972879, mid,high,-1.1405879205092588
-0.13243787397985063,7.817413501848368,-4.880757062214491,low,high,-11.622620838790542
-0.9137110761813744,2.156227149172966,-2.610599250662691, mid,high,-6.637472088637464
-0.7980423425581974,1.6865786037127877,5.611813221456231,low,very_low,-1.3090445057011464
-1.1257628070519248,-0.059687137431851944,-2.6417491736543197, mid,low,-4.405246622414288
-0.08111295538307833,4.976610921532828,-6.170774261530325,low,very_low,-8.304819759868016
-0.8000932550154287,2.903698375212694,-0.8057583658901741,low,high,-6.727470999928536
-0.18061632805611885,2.56841375886529,-5.765749663389462,high,very_high,-6.075789443828975
-2.0162643724175893,-0.4946159715953522,5.129613051390143,high,very_high,-3.15374540361935
-0.9464876632531363,3.979428283828663,-5.532582477092453,low,very_low,-9.543186138876177
0.7242667590803668,6.943213936916947,-5.392909177284266, mid,very_high,-8.083808937144248
-1.807566472338405,0.5477025655376795,0.33452475376167445, mid,low,-5.534580157679098
1.4140202013609413,2.462937217869691,-0.3258836895960311,high,low,2.1336464174991177
0.15963405871784825,1.0718876446090566,-2.108751985070262,high,high,-1.5121964452505339
-1.4388764648753196,5.399079473702772,-5.145485316041564,high,high,-12.05593876771627
-0.049546414224932646,8.273120902833552,-6.076177136439461,high,very_high,-11.867365605989365
0.11883537547855828,1.3914438296196852,1.2767415330351097,high,low,0.34954802503559707
0.3015976261045785,6.949477043025517,1.90992999776297, mid,high,-5.449640551231659
-0.14856552081617658,-0.12864826735317836,10.559556515572435,low,high,3.977740671937976
-1.5879012519584954,5.485848148416559,-4.767279720266195, mid,high,-13.071938389775731
1.3159148142896344,-1.5289500454769946,-5.674349630387158,low,low,2.2645510721820035
-1.0034900439692473,0.23833902060111245,-8.361152664545507,high,very_high,-7.5406119601872446
0.09334144399802252,-0.06098808487436891,-0.8545783535683391,low,very_low,-0.12031693016334985
1.9361670924213201,0.6891975794322065,-5.968466999048107,high,low,3.043337060004396
1.6393778309224756,2.634034126654039,4.724982343023806, mid,high,4.195116098695718
0.11891820660775888,-2.360088246591009,-2.918600894565983,low,high,0.47567603992529844
-0.41756962235903106,2.123206270313064,-2.8025327468332106,high,very_high,-4.87942519964101
1.871926322541993,4.4437264187269,2.832689495053808,high,high,2.7893027712886305
-0.7326423557852177,7.025219310027522,-3.1601600685637434,low,high,-11.620637031916738
0.2829368995069936,3.5892742640026984,0.68559716501239,high,very_high,-2.5864134396698955
-0.7817078292617422,-2.0818277929407625,-2.5837780143927094, mid, mid,-1.666907517361728
0.19780973803356772,-0.3224887553195943,-8.283202684057956,low, mid,-3.8506930301602953
-0.8068707227764633,6.359854782825028,2.5596849122882164,high,high,-7.39997711085679
0.3357199402317151,2.353331871308853,-4.4657978951146,low,very_high,-4.7280607786010656
-1.3039065372879575,5.369464266401181,-4.329542931188523,low,very_low,-11.327299212392079
-0.5292616986817662,0.6915376566189961,-12.852515722728194,high,very_low,-7.667735868256822
-0.9057638570190095,1.714628164010166,-6.48251100228301, mid,high,-8.052985869089051
0.7156297435505734,1.3255514381870814,3.588543630984381,high,low,3.3276986738890235
0.7370097002631962,-1.1809229868127158,-11.651076493083083, mid,very_low,-1.9610459097516832
-0.47072972309779754,0.4245077338792713,2.654738833276989, mid,low,-0.3999916963151363
0.31637828015030584,-3.553793898018708,-7.72000667288248,low,very_low,0.8358744767054093
0.7993802735741677,-2.994875301189049,1.0666280793441025,high,low,6.577983731883677
-0.8535033470291763,0.5714434292878756,-3.287167096277172,high,low,-4.155981332595615
0.9582863386504059,3.9608810317981535,-12.207021883050583,high,very_low,-6.2082214044474515
0.6366286551079815,4.389946960289118,2.5085540563147894,low,high,-2.0300546016415195
0.9928656723382151,1.266361655204342,-7.182294181000196,high,high,-1.813964223455299
0.38453630139058786,-1.648238023836941,-6.157026022714272,high, mid,0.12163274019290121
-1.525800266075629,-0.04390556302154636,-1.152333606862991,low,high,-6.207441632780072
0.07839343962642169,8.138974827248106,5.670839090793454,low,very_low,-5.065241352029752
0.6150079473575173,0.3202869638019239,4.620344177742472,low,very_low,3.783909298955839
0.5402088271767008,8.809591049470509,2.8383618163080335,low,very_high,-7.053193710815199
0.33123494510527013,0.3597546464688892,-4.374511613399177, mid,low,-1.5044288942593769
-1.7931017592459295,2.553595213841958,1.054974162739339,low,very_low,-7.387021662922676
-0.9061447379380498,3.768050706785708,-1.3186260891663053, mid,high,-7.7213633511071285
-1.6050605306711412,-2.0612786361916013,-3.5941410366239017,low,high,-5.509331118663365
-0.25338868932817266,4.530396211613034,-11.185220239144483,high,very_high,-11.08605830852201
-0.736721864456687,3.114326584581086,5.263709612764856,high,high,-2.6633253717695937
0.7745643427050353,-0.8303873493618337,-2.0384132307737843,low,very_high,0.9343402621576334
0.1612243006707248,4.0012734597860655,-11.681920643495049,low,high,-10.26395219161274
1.021514267897798,-0.12291318322984779,-3.5791505473824254, mid, mid,1.2458617592444992
0.3419413852970775,1.3355020708524417,,high,very_high,-1.5419133739450888
-0.5310624042660987,-2.549370724632899,-1.6420807816390641,high,low,0.8505884292969205
-0.3230597738897761,2.89408560205206,-0.9565879618645483,low,very_high,-5.385087920955133
0.2601709537191254,-1.096752959075932,-0.784344462030873,high, mid,1.9125447356667709
-1.0515527304603285,2.4721733924799065,-6.949065177760384,low, mid,-9.874075426631784
0.24065655541803488,-6.992244950310575,-3.3452005819632125,high,very_low,7.0538493028163884
1.354376099110805,3.972507914402021,-1.6995339692639064,low, mid,-1.3039464312740707
1.4648300559090983,-7.857896620237895,2.1862035544865215,high,very_low,14.338834940327182
0.6358393457977088,6.538751101068878,-1.768767182442249,low,high,-6.285061168380593
-0.8181582213759546,0.2249015158755614,-8.492909650496664,low,very_high,-8.215798111019234
0.3490566730571341,2.4488811219856803,6.915441271968003, mid,very_high,1.3409751031317683
-1.2796753367522045,1.6283007525186846,-3.8334040011362043,low,very_high,-8.57757236292671
-0.3765798859913398,3.671783532438204,5.347724214448238,high,high,-1.9747687404625054
0.1572318503839365,0.0722706302859728,-3.988357583676129, mid,very_low,-1.104435883160734
-0.12526430496524707,2.0441312769536264,-10.219888631944098,low, mid,-7.99717683040624
1.7164073216843296,5.997994253615024,-2.7594150153633827,high,very_high,-2.337550260600545
0.6136785084529193,7.821906374077129,-5.999560612551673,high,very_high,-9.123021061733338
1.3573337842870599,4.6043743336724585,-3.705192794743555,low, mid,-3.0991756932608943
0.4297406953830915,-5.90935321690602,-4.299844703316435,low,low,4.822466752750233
0.3787115600593304,1.5689095920769964,-4.293149224954232, mid, mid,-2.7568598110807483
0.033686780934075386,3.6212092555813915,-1.703061172896741,low, mid,-4.973298195499759
-0.5073167312101633,2.498082660750864,-3.426300932126588,high,very_low,-4.700189066485345
-0.5749479600429489,-3.5506773643456953,-1.254733495572614,high, mid,1.52135861618132
0.3715948409444253,3.326682312756547,1.4329512787179421,low,low,-1.7556413033109197
-1.6789322369742177,8.037667890392791,3.9913905575719237, mid,high,-11.395995137578158
1.3173739762332222,-2.9119520585410816,-2.9126136755586325,high,very_low,6.423170343559715
-0.25675712272235685,-3.2313065227352533,-6.055673736600417, mid,very_high,-1.1272395107613677
-1.2860364827773663,4.471285191851809,-6.541049256698736,low, mid,-12.221498221727503
-1.7338603324758264,2.251520741246703,5.363150455284309,low,very_low,-4.691315017470072
-1.4871718152928195,2.192487847614896,3.5216871203760665,low,high,-5.838628675286616
0.04874834728078579,4.8896776778622515,0.5367778097915852,high, mid,-4.1284182895045864
-0.2088468149560103,6.3449022135645965,-11.254074449865026,low, mid,-12.911770174494839
-0.05743897146486384,1.8404116987764843,-3.3623876073777272,high,low,-2.9751511759664298
-1.107724074952605,1.3230684181214,-7.463993244209845,high,high,-8.188489384859812
1.122221836812118,3.5335424226174164,, mid,low,1.0513439358137182
0.3803786345802631,2.471911664022005,-9.113630283466714,low,very_high,-7.077503931130624
1.2168231380694783,-2.430952022310203,5.57579429879522,low, mid,8.367177641120227
1.772353736328017,0.37597570887136045,-1.283901046493558,high,high,4.088314925834133
-2.455130541650159,1.6668052710564916,-4.762897287626327,low,low,-11.67857638888391
0.6041178003899343,2.445648390183981,-9.385063133872706,low, mid,-6.041561724787903
0.5059787693068623,7.237590691603245,,high,very_high,-5.94861743904878
0.6838182088392551,-1.32090123447455,-4.60613300831615,high, mid,1.2884356124114975
-0.2494063631763146,0.8638452991287187,-0.4383158155121789, mid,very_low,-1.3112386116213617
0.9620766041226658,-1.1695686867888506,-0.0894336051072604, mid, mid,3.9830618429315283
3.0448207487684837,2.833604098172499,,high, mid,-0.05223177106693447
-0.6093855865062138,0.5799706209274942,0.750783703502425, mid, mid,-2.142448461359071
-2.701632530474386,-4.257385246892408,2.243250688191795, mid,very_high,-3.418528938080685
1.2501933520537187,0.873694831921217,-3.6793428411870677,high, mid,1.324653135907886
0.06910789630997588,-1.1214476014700159,-7.360066481944052,high,very_low,-1.4170540552428659
-2.2360190485836124,3.9813509616806444,-3.210313313508383,low,low,-12.656662102756558
1.2435123522944571,3.7834191979267984,-2.1023409081894258,high, mid,-0.7121075881874163
-0.8396106291788397,7.1619873527776114,-9.701104287264155,low,low,-14.75103487768972
0.0871586005835183,5.07943996968602,0.5532016555194068,high,very_high,-4.690308579849027
-0.6522638426188024,0.653721053722802,-9.763213333378234,high,very_low,-6.502280942562545
0.7985028622749017,0.3166278905273616,-0.008585268691835957,low,very_high,0.9923176231869278
-0.16739285711269178,-0.48092541448405335,-4.545802031853179,high,very_high,-2.4384929798499306
0.49814368098106965,2.10391645942028,-3.797048703757582,high,low,-1.8277013753614373
-0.5089944076065318,2.364565959625408,0.5834144708215936,high,very_low,-2.713854571207838
0.5350031825338222,1.3604727302302433,-6.0433704964443375,low,low,-3.1696467521679934
0.13556051006085798,3.928467505790268,-4.890946597026245, mid,very_low,-5.34975860765857
1.3726444412100967,-2.0114631223797836,-5.870576351235304, mid,very_low,3.4837861299819206
-1.7850471063543667,1.103102233175814,-4.378651520276067,high,high,-8.474422179197514
-0.5342199968160921,2.0292882179277667,-4.94997316781976,low,high,-7.024151067199466
0.5236662679954663,-2.5802293106326903,-6.244600259189857, mid,high,0.5378245703874863
-2.0174021037852423,-0.9922838984540006,-9.008939784823486, mid,very_low,-9.107266675438149
1.5100605395924838,1.9396312588869442,-4.528680480575773,low,very_low,0.531824439887491
0.14428482794456488,2.0291567483849553,9.646301353785233, mid,very_low,3.827862925118299
0.32064319557282733,0.771593685910454,1.0649958534102009,high, mid,0.9658903617042751
-0.22606156203814254,1.9731655493525193,-8.334980618947302, mid,high,-7.308106907817305
-2.2814124658979518,-0.18105129965681543,-6.475002003449244,low,low,-10.191916530342313
0.8414476906862033,-0.9671016996607271,-0.7292086657388586, mid,very_high,2.442433181824437
1.1809889763803754,2.1283606474946755,2.316517888586107,low, mid,1.9344178627073005
1.8083797376851882,1.7497233338272866,-4.831979888713305,high,very_high,1.063887810973807
-0.1343353840516718,5.86364203116943,-12.729100495309991,low,low,-13.039360983598355
0.10698595729147838,6.619272739695597,1.3896179255888939,low,very_high,-6.946251917309458
-1.3210220833352926,4.156646071806239,-11.446143763561851, mid,very_high,-14.483593784869164
-0.9023234958493264,3.8550634534056463,3.1304959299469832, mid, mid,-5.173831589133245
1.1076041983664706,-1.5065203730874428,6.537331422503131,high,high,8.094576559008194
2.0169462937459777,1.7761844358273833,1.3899566100791638, mid,low,5.017895504982471
-0.8865755502840633,2.204181850161515,-5.293787102381584, mid,very_high,-8.129292734876126
0.8500184640387233,-1.2762750033956154,-6.049387379358839, mid,very_low,1.300527049041029
-0.01733145337630974,2.1248921657310804,2.589993972995001,low,high,-1.8494572042788144
-0.15964025396503564,1.6112181562168115,-6.350050638163421, mid, mid,-5.244739769820312
0.9055657592424182,-1.2815241508776065,-0.2604145542154148,low,low,3.5462420850315786
,0.41429116504169183,-9.245017168080295,low,low,-5.073579449153527
-0.467888515021904,0.9125067082007718,-1.4128044634040402,low, mid,-3.5598452589445246
1.334989027736567,1.271042926679085,-0.6658125569286768, mid,very_high,1.544459487589038
1.4018279046282152,4.1479288271334385,-4.176274074351635,low,high,-2.9249223554074057
0.1960653400830039,4.077546612889716,2.8558680717787484, mid,very_low,-1.650485562870032
0.7338574084230677,4.3868446740163,4.468072580790549,high,low,0.7616226435833249
0.5088276651779305,2.6609533721201175,-0.07650950551628455,low,low,-1.512121758239884
0.6574201155032668,-0.3783340351540314,-3.7736790325824145,low,low,0.19582937382011628
0.554493033885941,3.0544921103794467,-2.1606812039996526,low, mid,-3.1449084175131614
-0.5604744468563755,-0.533345957088244,-5.759174075791819, mid,low,-3.987516498969627
-2.2196960435074398,5.6253968908839065,-6.7801215631207405, mid,high,-15.959839167831193
1.481511818260672,-2.4825228037076084,-2.750488565016563,low, mid,4.893896436736358
0.6042590575875839,1.4016479102181623,-7.13262560445941,low,very_low,-3.1410191031600436
0.8127654933203295,0.534260034329431,0.665125386098965,low,very_low,2.13601937369009
1.5206436361196973,0.028094934487978396,-10.364296947242984,low, mid,-1.3914637644501642
0.6360872761987801,4.271250990061002,-2.374404021010999, mid, mid,-3.6933658349439877
0.07527175583402407,0.09637419012047688,-2.4654869384002884,low,low,-1.291686802691124
0.4272225921355578,1.4216290712638284,-0.39624793306034034,high,high,-0.3098396046201971
0.5774823871334849,4.619800611381979,-0.6490207770142464,low,very_low,-3.3200285287020455
-0.3424919242802269,,0.7451169697730151, mid,very_high,2.6904235093625632
1.5697069915594584,-0.463942759087558,-9.169747577991348,low,very_low,0.46529400717077435
-0.7410816531802077,1.3873143547107603,0.3822922887521987, mid, mid,-3.499987846834633
0.5426457861851796,0.6459745126574878,-6.353624834475147,high,high,-2.1610714127459056
-0.2572211994735776,7.1290922114273565,-5.7489282469257965, mid,very_low,-10.32666591248962
-1.2085332019163084,2.991959645004945,-5.073010268072175,low,very_high,-10.30098601820808
0.3592389491294741,0.10066332705912684,3.7629836224577247, mid,very_low,3.40515770695952
0.40171993977874043,-4.319143503593566,2.9032145038131656,high,very_low,7.75258477123794
-1.2076760429294509,-1.525662556635024,6.931683642607936,low,low,1.0869377987584485
-2.361488219233774,9.466512911312318,-6.304195528213697,low,very_low,-19.686746279711315
1.2579987796930656,3.0565948790176907,-1.2080250596969506,high,low,0.7923821864708684
-1.3871044142090894,-2.0481337354522653,-1.5255864113576831, mid,very_low,-2.5206943012275222
0.8266932344703173,-0.753465530602504,-2.254133142021709, mid,low,2.2175600411653447
-0.07518274478508785,8.161351291460832,0.7242703009895313,high,very_high,-8.18471378189854
0.19514260428536281,-0.8048177132352463,-6.280900059447991,high,very_high,-2.037552070178381
-1.0209381210470234,2.7531791491672575,-3.93657164143786, mid,high,-8.324056819278189
-2.05583335896097,2.6963891065246743,0.7414182830937239, mid,very_high,-9.128162513879847
1.0749501879007226,-3.461217359524081,3.539638810901753,high,very_high,8.250090548559406
0.14610075488996457,7.294734003990007,-1.9801474579515215, mid,high,-8.171966553474476
-0.7598228436113793,1.144952584958091,1.9397183077031306, mid,very_low,-2.0292644439655305
-0.08905819414902325,0.9680127564795522,2.732565233314091, mid,high,-0.1622285981465796
-1.1209249824412968,-0.01860904385064943,-11.870894878280845, mid,very_low,-8.741633626313009
-0.19119840844198766,-1.0863854147644263,1.950341617768144, mid,high,0.7799789933973775
1.5279669649559569,2.264547419858957,4.45080527360798,high,high,4.573221903129899
1.2835829176685645,0.4184011495428348,0.5209581807096306,low,low,3.4588130635354206
-0.12288878274599709,-1.9159825259866547,-6.797584729607858,low,very_low,-1.8834977483157436
-0.8252103954338201,1.9497057843438523,-3.1930657050341464, mid,high,-6.407291026643242
0.4886331888824731,1.8290086403872576,-0.8628760566239517,high,low,-0.01972086264495275
1.5139562017510932,9.860645137193988,-12.360417383588114,low,very_high,-12.75013764411786
1.7798079837817853,3.051076511079425,-10.151530319074341,low,very_low,-2.9106598998970328
1.0745601107632181,-2.2553524449542186,-1.9783910258955755, mid, mid,4.5264092038164945
0.6163805499650199,1.21101754591091,4.747614574882414, mid,very_low,3.594567778933052
-0.15150455179749595,2.7548660404086385,0.8063403931497604,high,very_high,-2.9215411536646694
0.19275374338998844,4.6446445062036075,-13.098706836254113,low,low,-10.93639666613601
0.43416853030804325,-2.8167717954603884,1.96060891028272,high,high,5.132486199200487
-0.4892042493319277,-1.1370812970432445,-5.062737955796175,high,very_high,-3.099178930408193
-0.7603287096837817,2.320333718617371,-2.062290181156025,high,low,-4.916700615299005
0.29283196343069595,4.288522161737302,1.2383727825146185, mid, mid,-2.8360475169126578
1.2482017828730743,4.001403910181574,-9.990559578532784,low,very_high,-6.46828795273963
1.0409705245337777,6.659843119226015,-9.205402501198732,high, mid,-7.887486092161659
-2.109992545272169,5.278732343760648,-1.2214289999370185,high,very_low,-11.111604747785218
-0.42939118067532406,1.5149729948307404,0.3296410520895279, mid,very_high,-3.3556660144600654
-2.0541442709501645,4.431183258066259,-8.27072036739084,low,high,-15.620815496991018
0.35243161548519564,2.5720227311329333,-10.47634495661945,low,very_high,-7.8736624131443
0.4036388176688889,1.5780565140012364,-1.982892888543774, mid,very_high,-2.159379780752937
-1.099008430909593,2.994885964943216,-8.452835646543203, mid,high,-10.975987783679333
0.17135396516383425,5.077313893857541,-4.824525663994789,high, mid,-6.724826337998464
-0.09742945925287443,0.06437353145008329,-7.360047718946451,high, mid,-3.7003667974600747
-0.8963908718860478,0.327558813177963,-3.498405700861086, mid,very_low,-4.375298538983435
-0.7259207982802917,3.3693284553591982,1.0693936668451416,high, mid,-4.435279876444499
,7.173637962891906,-3.166273159866283,low, mid,-5.062879076828015
-0.516219018786234,-5.231608414406349,0.22064260368008615,low,very_low,3.9078744763991096
-1.1509798535224882,0.5989861792668303,2.6407332223590823,high, mid,-2.1901928802569137
-0.8266628527518879,3.765199795540338,-0.73360921853196,low,very_low,-6.8225288904307435
1.0814402633579836,-0.3688816646550577,-6.580477736348779,high,very_low,1.2883392515971028
0.11865110206857847,-0.5961468510934473,-10.940663531747788,high,high,-4.402080270559572
-0.13818625855912922,-3.6291935674350304,-4.807618881136838, mid,very_high,0.12598058144738397
-0.04404855614957733,-0.1348400980556197,-2.2965096104787515,high,very_low,-0.11833697414377585
0.08728613370091094,4.722700009195275,7.067781513167626,high,very_high,-0.9777803888976665
-1.3735629976782002,5.100322997453601,-11.100846147178547,high,very_low,-13.929212679949854
-0.44239815235130525,0.4390426338883233,-8.471478581723511, mid,high,-6.405409203217008
0.20468607448801565,-0.3749894506395717,-6.1510495765507756,high, mid,-1.7471465928016277
-0.19741460568244387,3.433735189496006,, mid, mid,-6.920330923504977
1.036013181465667,5.95284090038979,1.8207439929814084,low,very_high,-3.227375569975912
-0.8270594934530797,-0.8480552330192341,-8.434068381523504, mid,low,-5.440585294526639
-0.6975866880860682,2.101574380860554,-5.841937186077342,high,high,-6.804652977506222
-1.5670052650640725,-1.0507791061587972,-1.7118981725539286,high,very_low,-3.3700041452844274
0.20230722717598454,-1.393116182442025,-7.487141443278977,high,low,-1.1903363797348185
-1.2236978885565064,1.627111064040216,0.43675365101909724,low,very_high,-6.419758786377935
-0.4160895241887411,7.457180903108337,-8.337321659330378,low, mid,-13.503316019953127
0.40163903959278824,-1.376912691788978,2.6070985386006447, mid,high,3.5094698024948623
0.5462907420542742,0.6283244937119665,4.1062888891021405, mid,very_high,2.441805047757693
-0.6612819024220019,2.9288655559939976,-8.89714489698463,high,low,-8.689155205005006
-0.46944556464871295,-0.22315851155094713,-9.255603989691384,high,low,-5.0478402024266185
0.0880823862201706,0.21841705835907277,-5.383289478364979, mid,high,-2.9395989431258616
1.3586684015335568,-0.7378745582001702,-8.601545409974742, mid,low,0.7758231124347648
-0.6396664780919077,7.2062779832320745,-11.150193787573109, mid, mid,-14.995838907633768
-2.27497291804773,3.219648673169595,0.06623557184234308,high,very_low,-9.081141641053804
-0.35372875783607083,-2.7618131947868276,-3.316904854776305,high,high,0.2572960311880028
-1.5420551090001569,5.901806396946385,-1.7521984133590511,high,low,-10.631438957788202
-0.923939137585696,7.828419074658398,-3.124270333339009,low,very_high,-13.27958201615596
-0.08200608801073173,1.0586821897608565,-2.831516243362881, mid,very_high,-3.4225737245535446
0.7370855317228663,2.8548067752029453,-9.400546613589245, mid,high,-5.843841617939601
1.8538747570007992,6.257587539103104,-9.637764415253653,high,high,-5.513446796583856
0.2442453532338011,0.4472016231838938,-0.6116894709324838,high,low,0.7293652680851612
0.11856645539859739,-3.611953198604075,-3.589612198860976, mid,high,1.6857284986906116
0.9931804205644335,6.658420169871917,-8.414792103436856, mid,high,-8.159504216955265
-1.7266508186113572,3.042420113347108,-12.568096142217396, mid,very_low,-13.928602359933581
-0.33131448291640786,2.158348289266168,0.47412451860286176,low,very_low,-2.8049630757010644
-1.3495226864885215,2.841249517740023,5.972381561532982,low,high,-4.6635149181246405
-0.26554961254353976,2.161630371875782,-2.4872635825941085, mid,very_low,-3.658132828607113
-0.39199763760620854,1.7786657745925214,-3.210924109804155,low,low,-4.951530648323536
0.7181743016590624,-2.345172720456711,7.15914680351559,high, mid,8.614681153965615
0.2710933213610618,1.9309202223478001,-5.71557460811367, mid,low,-3.766585569236353
0.319025561828313,3.4688537868103317,0.39303671834279896,high,very_low,-1.2897154053376152
1.6281247760467485,6.687158448765832,7.564220198823115, mid,high,1.6436398966100085
-0.822489101206302,-0.1559493298077994,-4.7427668773785765, mid,very_high,-5.328934868149483
-0.9249701168764458,-0.398320997958586,-5.147775278902692,high,very_high,-5.192408940543826
0.7838221419392388,0.7500764012587171,-4.239601624846482,low,low,-0.7817395200479191
-0.2078351109049236,0.7588080312647321,-0.3153513437449087,high,very_low,-0.5743473960095198
-0.3929334880589384,1.6022872919795632,4.3719583706373335, mid,very_high,-1.277349176332485
-0.5401055698762492,2.652068871791248,-10.05165121676984,high,very_high,-9.49291620323653
0.9482193773911854,4.372914942277452,-5.168933304436874,high,low,-3.3964004150606755
-0.6794754974753453,-4.351163884443837,-8.474974726154809,high,very_low,-1.006817402530257
0.8786907101003083,1.2892604592998067,7.04423345025547,low, mid,4.485937434795129
-1.3081562818604004,-4.304469188739869,-0.8119896462606948, mid, mid,-0.2658647712029085
-1.7740822769445868,4.712487850998916,-9.282002193497618, mid,very_low,-14.328621185699873
0.8514446201083068,-0.5545149669759306,-5.730189469866305,high,high,0.4371490783335078
-0.8178670896543523,-3.2291851484579546,3.165689813231787,low,low,2.0893623768350444
0.09353395216321798,4.248561418111513,-7.186801424674337,high, mid,-7.214444504581409
0.6231511130850699,2.0355735614123383,-8.09869698399114,high,very_low,-3.086232397042273
-1.0468093286208808,6.2014586174788295,-4.2939502471076105,high,high,-11.393789986987557
1.6385747026019293,-1.5776125099277891,-1.6751602365264677, mid,very_low,6.218017968946638
1.459426083189283,-1.3602513081425647,-7.627027988119925,low,low,1.5508010222581965
-1.2172062207127212,4.805702759397296,-5.154195119624637, mid,high,-11.46687265123843
-0.6437461013903971,1.8347608429966784,-4.306888250857739, mid, mid,-5.98452371260398
0.10553644954624611,1.6185785242705513,-4.978514399472193,low,low,-4.137858624774935
0.7034045671022938,1.4482293634089975,-2.3628487758534797,high,low,0.12382128361296274
-0.31317445823235035,2.277982376617653,-4.566884765685634, mid,low,-5.152053157828599
-0.4723061078224709,0.025594785276405574,-3.987378342158773,high,very_low,-2.6002396589604517
-1.4118030650923108,6.269746153037387,-1.5194364794107473, mid,high,-11.620860481761747
0.5567566431645218,6.241800420689698,-7.146782094862011, mid,very_high,-8.892983614889113
1.6388128156880044,1.1509832334423742,-4.0869741924489915,high,low,2.429511612421383
1.313484565553232,1.0894694358608106,-5.935619643598169,high,high,0.04577531760648791
-0.598769347232224,0.9412760227338757,-13.271506549256081,low,low,-9.801094303883827
0.1754293253200292,-2.8206607651739573,-9.844698298419106, mid,high,-2.0564456952213117
-0.32843339514762865,-0.3679738628412852,5.428213814756866, mid,high,1.7050774436590856
-0.12907334194219972,3.4937299499693744,1.4793337334362011,low, mid,-3.805111862292256
0.7654282353986098,5.088712088274532,-5.532460966953561,high,high,-5.494821844201945
-2.0553667530852566,0.37319043656367445,0.04457151740319665,low,very_high,-7.560493488250201
-1.4078074571894301,2.425155420563202,0.17012384902311872, mid,low,-6.438247275499617
0.8394514576480417,-2.0285761598826095,1.9722292409249356, mid,very_low,6.176310991963119
-0.06398573133465582,0.3304743893243365,-14.517042105959161,low,very_high,-8.927330581981419
0.9310895207977252,-4.065363892064468,-11.380637675972668,high,low,1.887166453089303
-0.760357592416408,8.340419670962952,-4.460722577023608, mid,very_low,-12.226030408436753
-0.7265191696168941,-2.315848531286626,5.037467800322194, mid,very_high,2.0832452147345424
-0.11055724996672613,0.8481359531639321,2.8308683314665277,high, mid,0.6447447837151227
-0.5840517571228286,3.756351756174693,7.2050986239275865,high,high,-1.9665759793549578
0.46930329467568127,4.039311118491854,1.0455873095973818,high,very_high,-2.3253479784182454
-0.8702422998811253,2.3977450661293416,2.268932589884738,low,low,-4.290498163393069
-0.4298402980295902,4.596293360002758,7.976856454109559,low,very_low,-1.9472679288571197
0.017638155135740193,2.337679688120973,10.717572655384009,low,very_high,1.8785794562368354
-0.06125709229396817,3.8664461699253554,-7.835730885985002, mid,low,-7.797727806653201
-1.434034144575195,2.811597301217277,-5.959341294503477,high,low,-9.321277759817283
-1.078049320519121,5.115080852339505,-15.218397767483534,low,low,-16.491351048794332
1.1269522832536396,5.051393174129805,-6.913210878879017,low,very_low,-5.093623307530206
0.5906749315396161,-0.4575636954129778,-5.140372095593101, mid,low,0.027809082729645995
0.24929646726236146,0.44097053649465456,-2.420454028328786,low,low,-1.1613467432289797
0.8379727082095185,1.9459348067668465,-10.914033550079772,high, mid,-4.532207956600183
-1.9269917801584768,3.165985382533133,-3.155916463376945, mid,very_high,-11.322342984847772
-0.12101861081181861,-0.7038529669893339,-11.301145273879511,low,very_high,-6.7130471940287
0.4042927163302739,1.0177641124069892,-1.5970029514171182, mid,low,-0.5026396859570514
0.4722703474288197,-1.1114551428560877,-1.7882585510979612, mid,very_low,2.176907082371371
1.5128230758736652,1.7607415633263563,3.148127438922958,high,very_high,4.015392748914041
0.7564231882172534,-4.442857173970761,-3.6523515569169254,high,very_low,6.065573433865678
0.37792774310826033,-2.882264986937807,1.1476394109905188,high,very_high,4.365871679011764
-1.831418579300468,-2.669453466321425,-2.701167774991291,high,very_high,-4.511423986740796
-0.29828950084206474,1.312850052482995,0.19593546097179892,low,very_low,-2.2032595010340894
-0.2629876183112699,-1.9570020001613044,-7.30938138395265,low,high,-3.4280375067080664
-0.6904657622002913,0.9349211624101501,, mid,very_low,-2.5556341279818855
0.5218189812587231,,4.162581204657814, mid,very_high,0.3062907380278971
-2.52442924999237,-0.9850366791338252,-6.695129608718297,low,very_high,-11.009281167486607
-0.08204058502201987,4.398690632105286,-6.553401021894041,low,low,-8.096324529195686
-0.8006381359048789,3.083143237498117,0.7663108469761033,high,high,-5.051358156075143
-0.4501356255314333,4.948025967235958,-6.377090986772391,low,high,-10.447908732295602
-0.2750318573667323,-1.167657657074396,-7.499799604878229,high,very_low,-2.470000902775705
0.0892085385236927,-1.048885786345103,-10.55386206667378,high,high,-3.7559545209421676
0.006799687928716974,1.0736497390506645,1.1576259903263688,low,very_low,-0.46255024095730507
-0.5562366970936821,-0.5188521578542336,-10.758624510195007,high, mid,-6.209588047108063
0.9064976998510476,3.823927578261492,-6.755356142638192,low,high,-5.404288987317592
0.42366245441840994,1.8917935582975836,-4.954623195887414,high,low,-2.2161633999636647
0.6824848170927175,-1.6903063002069976,-2.272630868127858,high,very_high,2.360329819520314
-0.3997456893993163,0.550063979926392,-0.16366250171150964, mid,very_low,-1.44006501545534
0.1433507150492803,2.938056733497893,-8.341531967848546,high, mid,-6.389070483696541
-0.7998046472765235,-0.16539149765788208,-2.509448438435082, mid, mid,-3.6176539291064507
-0.33799517378469984,4.259191735261544,1.139951654863924,low, mid,-5.280119387960464
0.11507542614849604,3.787359683778703,-3.724190264655294, mid,very_low,-4.965813038193885
0.13782098495686038,2.4247236744636855,-4.5786310883464445,low,high,-5.119547466160427
-1.2538635697952407,2.3050980317607532,-6.9516874961705915,high,low,-8.854010611361455
0.23610184736668577,-1.2553192412291798,-2.5028856273422972,low,low,0.328647233413697
-1.320180314760025,0.23736895065305097,-9.086102222138281, mid,high,-9.16982667483693
2.177777221842006,3.506760902094845,9.304053471638829,low,very_high,6.445548491755941
1.195255923005792,0.008266889240212905,-3.827607722119634,high,high,1.6922432899362556
-0.7202502098157421,1.482116894122329,1.8802177071588382,high,low,-1.8306400032626424
-0.7137485204118866,0.541031153323325,9.833280398607233, mid,low,2.6547931214179163
-0.3441331278104192,0.44565665580336344,-2.4277517939418427,high,very_low,-1.7687559154514003
-1.2134402550424557,3.1547384845756814,-9.336537112520922,high,very_low,-10.570579177911874
-0.7438666857384177,1.0827034660703905,-16.025625594149112,low,very_low,-11.250200161120093
0.5158357899237761,2.5811056115748516,0.2763529760684884,low,high,-1.8920398966290701
0.6599866550327251,1.5122084896101775,-3.5873337244194357,high,very_low,-0.35213727827628477
0.08743177935330877,0.7192674787327156,-6.248483798174795, mid,high,-3.7637787972990777
-2.485472226465502,3.942965233995405,-4.697060422768977,low,high,-14.465082507871566
0.10116894177234619,0.6817786807113597,-13.17729844781098, mid,low,-6.7626017677510255
-0.18740765840303295,3.7573743791192458,-5.692939654750122,high,very_high,-7.443100444905614
0.9115375774331937,-1.9021222635113402,4.127571586790458, mid,low,6.942803461447381
1.687376438168275,-0.6727209809115089,-4.587505967000279,high,very_high,3.3490121941812623
0.5793476362305418,3.568047255417619,-1.8895750058822838,low, mid,-3.392387121849119
-1.2156874951054195,0.8714701851232671,1.7490147191881178,high,low,-3.0073790395719175
0.56388548270046,4.869689150832285,-6.512263366879305, mid,low,-6.270163530199821
-0.025972386400592188,8.26042113815257,-4.643805108426087,high,high,-10.586241979591923
-0.46899285408091096,-0.6609821267145386,4.0170063047822016, mid, mid,1.1966060985189861
1.491263451566595,3.9542734813132125,-3.72971228455686,low,very_high,-2.5427258394829826
-1.5463520213001978,2.5149261519791555,6.335830131179025, mid,low,-3.9747195612909723
0.9963678784026154,4.671195998085631,-6.158649736749333,high, mid,-4.351938758158451
-2.9817366123213493,1.396321973601569,1.2563021516514574,high,very_low,-8.51539907817368
0.46336720953360977,1.384688433778524,-5.745550072572179, mid,low,-2.6578123409622534
1.539225265419624,7.359735481505046,-7.765811694095364, mid, mid,-6.711767602831416
0.5460429231248081,0.44278500653640096,-6.580852137819036,high,very_low,-1.2295340290909669
0.8869020826154264,1.2687413610079248,-7.498841335981093, mid,very_high,-3.064237466028664
1.8495921109168083,5.889720769406002,-7.10302916070523,high,high,-3.7168388506223664
0.6401903909413103,0.7068065583226844,7.212981986943561,high,high,4.81461592162846
0.18596619426269387,4.246013403861015,-4.472240590147862, mid, mid,-6.0678026371510265
0.7878221976209187,1.9423956533452569,-1.8944468143270692, mid,very_high,-1.2493765682041864
0.23239483055695295,2.6623100092736176,-5.521871697351206,low,very_low,-4.758559790685621
-0.06616446420745553,-0.3918739257583095,-7.915573019063734, mid,very_low,-3.122717841309208
-0.4216310004924631,0.5330257185160336,-6.048199383110028,low,high,-5.753446588431229
-2.6783097475905944,2.086697274134199,-10.996515063120007, mid, mid,-15.918904739545336
-0.7371896936831922,1.7448899945240146,0.3134545324565816, mid,very_high,-4.423148615545767
-1.170232150114721,2.622806534796487,0.5606111173954385,low,very_high,-6.987885675865051
-1.622467698823697,-2.7942801263471653,3.22758590501115,low, mid,-1.0322233231591154
0.46522841063602677,0.518580084252128,0.6037462472546129,low,low,1.0579415143976705
0.3799582374571721,1.5944735735797135,-6.290961855921399, mid,high,-4.029148437538967
-0.9901808128007569,1.7977503776644097,6.880485746154806,high,low,-0.6666313050046596
0.8341786015549283,0.9497462026853054,2.6298158737163053,high,very_high,2.696995812908925
2.061387240131108,2.412801286702148,-6.7752649591488785, mid,very_high,-0.24332120711253025
0.07941620243607232,2.9464532718410763,-4.547208779899652, mid,low,-4.714137173876598
0.40456340667083796,0.5227032237750857,2.752752644011804,low, mid,1.468200028158562
0.6148297564494295,2.828829388197858,-2.2704046083499008,high, mid,-1.794486406749054
0.42848196165564734,7.290878451840136,1.9886866613344774, mid,very_low,-4.70620547542612
-1.1214786943053143,8.210457656435814,-2.2260781547975808,low,very_low,-12.57565622695623
-0.6043774285190662,-2.3642253186035953,7.207373038296145,high,very_high,3.77895412311189
0.682280024975246,4.115275239178739,-1.6076131813357917, mid,high,-3.2666094129952445
1.1381272897826324,-0.21880245248443586,-7.525783699387896,high,high,-0.05251600565230554
1.1022004399222145,-0.5160103554861095,-3.435089257133753, mid, mid,2.0583816302941877
-0.5360962991852587,6.882466922328313,-3.4747656276955636,high,low,-9.590914559197424
-3.985919440555586,0.7572482981696731,-9.16643035289061,low,low,-17.70966999732882
-1.4146116466667755,0.49770655313172174,-1.1007645418211938,high,low,-4.611785708544131
-0.1651395912955037,1.5071562809656818,-9.685847449464685,low, mid,-7.377915460313769
1.101229820599224,-1.6603139125405857,-3.1613318381126345,high,low,3.907919044731835
0.10789226903318166,4.46671681996804,2.832820167505095, mid,low,-2.5278245773317147
-0.8433498612875929,0.9560981004021252,7.482917202026874,high,low,0.9015221462291938
-0.4558640545089722,6.296483821867106,-2.8222866383584333,high, mid,-8.853882979600508
-0.055847245303912794,8.079284798341675,-1.5451577929815916,low,very_high,-10.262040218244962
1.4948859366741067,1.6293382288914133,-10.71280984620259,low,very_high,-3.657299900973437
-0.9957296399404937,0.4715181728274831,-0.9462169719554225,high,high,-3.7496290147606333
1.5249718138089623,1.8486160456425862,-9.542522609880114, mid,very_high,-2.636436593484487
1.0979554008375647,4.710905311694219,-8.638951365118022,low,high,-6.772774828026854
1.0011676782307,1.308291327381777,-0.9084424604630241,high,low,2.0110263508108073
-1.6225951534099674,-0.4108994326105906,2.3208062426203426, mid, mid,-3.4417616772061472
-0.670646706717155,-0.8787860079372054,0.6591256734904971,low,low,-1.212491078566111
-2.282663373197408,0.9049761064892357,-0.806596345282709, mid,very_low,-7.67955687902727
-1.7023960460372005,1.1720752863729818,-1.2436296350514857, mid, mid,-7.017407799616966
1.5319803213387058,2.1273279452336786,-8.137409134892565,high,very_low,-0.4232475548361382
0.9397237189901242,0.05164827959733809,0.13389765017574273,high, mid,3.2206972864717685
0.1230617198769748,3.289655157265215,-5.668195666331483, mid,very_low,-5.267286362277984
-1.1202545270397155,-1.1534990042405813,-1.2304510361712713,high,very_high,-3.2214520684162893
-0.7889351564974478,5.478787427785676,-2.7901828613069286,high,very_low,-8.265293890848096
-0.4469734002324487,-4.119693473171122,0.3887907800761301, mid,high,2.6466579593032806
0.10532055751157061,0.4210697761040145,-11.29203695841474,high,high,-5.682530695676674
-0.24542928234287156,5.251499803478592,3.799756161364934,low, mid,-4.8267021906914085
0.25060325798535,3.281115853660755,-0.962802350014127,low,low,-3.220772054574282
1.1140659408987255,4.228271472860958,-4.299962705706195,low,very_high,-4.234765310251412
-0.4179015969851476,4.706658442484789,-8.323572948090773,high,very_low,-9.194932251715223
-0.9685093339127173,3.2145965273221804,-14.86648396870428, mid,very_high,-14.406647112647871
0.2391739799836787,1.0596303290721942,-11.06819319404118,low,low,-5.9693100275145206
1.3589466493356461,2.8588111877715097,0.6058123193862994,high,very_high,1.3035429003374785
0.32089844642158005,1.5127644263364544,10.559219854227267, mid,very_high,4.086677081056463
0.18399895282969464,2.855595571832799,0.6253714401935202,low,very_high,-3.342675492841218
1.9590079213160345,0.16456613751832005,5.088622628436793, mid,low,8.483073072590852
,3.913801264659778,-6.086629169829935,high,high,-5.685561710837149
-0.8594752946945906,-1.714398784911947,-9.867275655093657, mid,low,-5.4881981010653
0.6087319184196551,7.500888281556513,-3.394444827079908, mid,low,-7.232704722149518
-1.9343840773724168,1.6087207572597344,-2.2488444727507786,high,very_low,-7.345497629666012
0.2944866477524666,-1.053460789116849,-6.346107641569418,low,high,-2.2017238091247906
-0.16980638716775714,1.4485061230742287,0.7616836182622566, mid, mid,-1.6367443596115614
0.5377724042347569,6.944170769095953,-10.706014442886453,high, mid,-10.145596088607899
0.7390611223864374,2.9463345388546465,-3.104311996836067,high,very_low,-1.1936636550965614
1.0132168881886006,3.4684065543996905,-7.455316388268777,high,high,-4.33966225776372
0.7160173499799373,9.015263191612757,1.0051089121344656, mid, mid,-6.521147526249635
-1.4046080293092966,4.6515564227924076,0.5073416657995633, mid,high,-8.845844310027074
0.028775247272546475,3.379304843312737,-6.3351748221880815,low,very_low,-6.403814668844725
0.005626034711610686,0.7681452383360732,-5.133864345627667,low,low,-3.5799486098401467
0.9004921650571427,-2.485858715492638,-0.19224475502135752,low,very_low,5.065486925230781
1.5397238627474075,-3.340912926275484,0.7039663481225538,high,very_high,8.114039878108027
-0.7471760403872806,-1.2706746201008419,-0.05049356238563796,high, mid,-0.6770527665699673
-0.3353529136476096,7.242713466180305,0.546965166625728, mid,high,-8.35158028617536
-0.6390556103484822,4.429663217744962,-14.273427336166023, mid,low,-13.268177701949861
-0.5746414533401684,2.3354897742394054,-7.043112828610845,high,very_high,-7.767231839908079
0.7954282028216413,0.14144097401202238,2.512775367315995,high,high,3.5937989569136755
0.6761714220612406,2.4458145760096253,3.379374195809966, mid, mid,1.068055780806327
-0.6169614248302392,-0.8489525994056213,3.0702341831698137,high,low,1.1063149924693134
1.3004791177769344,5.661415074158747,-3.2956460367623848, mid,high,-3.920197315854005
-1.1681080102318253,-0.7952785934594768,2.231577051414491,low,very_high,-2.6388888142922444
0.7071493124122845,-1.9801885829221426,-7.105390680289339,low,very_low,0.5445329329395736
0.13824787384782608,-0.019676553759881532,-12.246824206777692,high,very_high,-5.933603868238168
-0.9649841449881844,4.823055846938976,-1.975852976534805, mid,high,-9.143020099820964
0.2463464145281892,-0.9899969664719959,-12.891878513563185,low,low,-4.876082679800227
-0.13789466041594414,3.534623358149103,2.116282706314525, mid,high,-3.3332312163532283
1.655535373897625,4.602968105484421,1.411170230517718,low,low,0.6149625234637686
0.5731641680189514,0.041671005334064315,-9.692048536087373,high,high,-2.9902414699621382
-0.6556062418208892,-0.3750106503385675,-3.091955546042008,high,low,-2.3475587711570585
0.46056605479017665,4.941129520009817,1.4817193186345072,high,very_high,-2.9384187793987357
-0.06858849494446695,2.500009465009221,-2.5304575127345816,high,high,-3.8924268534326445
0.8777822449333924,0.3681335679697799,-5.1246299843736125, mid,very_low,0.1354668771179109
0.44169269218664076,-0.9545306446930728,-6.590551988829979, mid, mid,-1.087652682970055
-1.9517873063163662,0.24596654596406342,-2.046281721738164,high,high,-7.119093856536636
1.123574692737099,,-10.770900661059184,low,high,-1.4060413445771018
0.6364894098669297,-2.221255601634974,0.29247087418127204, mid, mid,4.26043270147125
-0.5741632216968909,3.530248664418091,-5.2945605177586526, mid,very_low,-7.477666943349741
-0.26032171779818675,0.007936855238944274,-4.300885086527099,high,very_high,-3.215292932683628
-0.959490137373589,6.9844721723167,8.157236700718771,low,high,-6.682328624713112
-1.0385801495860807,5.064417787389594,1.0190098912718506,high,very_high,-7.671928295225222
-1.8389475327093086,-1.3227907324494281,-1.5617673249227222,low,low,-5.168724424549792
0.7482185027148062,0.383155212129328,-11.688305727380257,low,very_high,-5.26369151823261
-0.0704575688793739,1.2133615554156725,-4.1035193223710555, mid, mid,-3.64517361591131
-0.735006585494052,7.131762558764512,-8.954224943420723,high, mid,-13.272997758473615
1.3760496795753572,,-0.3525039673949282,low, mid,9.099301917917703
0.33161447777540964,-4.722034369129501,3.8860295727970726,high,very_high,7.480557194830889
-0.8765566187662397,7.982052552381494,2.8446986394476657,high,low,-8.449917342693865
0.13580724892838006,-0.7847036988763421,9.03497228405189,low,high,4.789588148541569
-0.9892297263514221,2.591446044829045,-0.18834745398910613,high,very_high,-5.826709575100626
1.40192122314594,-0.8775101719514717,-7.23243170874969, mid,very_high,0.7666875690816616
-0.8546408573720832,1.077944064009046,-8.799772427446857, mid, mid,-8.314089436642064
0.38368730734675466,3.600915800925285,-4.074379930984335,high,very_high,-4.782587660249063
0.9789985965894588,0.22612282658087413,-5.956036815087424,high,low,0.5035185341678371
0.5518225188487061,4.386486364749106,0.8012038041083911, mid, mid,-2.287480019799407
-1.1575712347028944,0.3805828343700668,-10.930511682485683,low,very_low,-9.275316123782861
1.6391517440891614,3.3399171271019346,-10.436903125638342,low,very_high,-4.811011607513246
0.9125902110098608,6.037761659785148,2.2701777205935807, mid,very_high,-2.818907965618302
0.19061038193012025,0.17215722956698798,-4.701800459209052,high,very_low,-0.74969439675519
0.1214732797390868,2.697787941570363,3.3174084004368156, mid, mid,-0.8237836507810455
-0.1945838127708532,4.001428648476198,3.111512084464543,low,high,-3.8362040606837042
-0.01264258642009235,3.425305076040905,-6.817564637094022,high, mid,-6.396042582507208
0.31596828562544566,-1.0682434348066452,-6.456850997136185, mid,very_low,-0.7961591296541033
0.886755207615212,-2.914217009325749,-7.979543805685112,high,very_high,1.3969709300085265
0.22256010610537302,3.208364829298194,-0.7879595194340219, mid,high,-3.316232724037095
0.49763645052792105,3.2528755971293806,-9.520750158872918,low,high,-7.3757892549561594
0.34412254603044673,2.545686686970992,-6.191650458319417,low,low,-4.848596108799368
-1.703713075101386,-1.2815632789659221,5.568874754158326, mid,very_low,-0.653197992458283
-0.7318305261714606,2.594428300027392,0.4798213383060794, mid,very_low,-3.982520453193376
-0.6320928810041502,4.366641127913124,-9.24224828848624,low, mid,-11.407959902061021
-1.0281856983657096,3.9325678646884312,-16.37080500058143,high,very_high,-15.383942570671163
0.7350023449143547,0.8032127763879935,-1.7676134137973551, mid,low,0.6348763732330044
-0.7218935844714497,7.049464705001522,-4.806825956759699,high,high,-11.486222777305514
-0.12462863072864697,1.3337073379844804,-3.4824889228245333,low, mid,-3.891928229709452
2.387773270892848,7.515824482791795,-6.931899937032419, mid,very_high,-4.561859929236999
0.874449804122689,-0.6757433796881274,-5.967783447434026, mid,low,0.656047041579097
1.3611293130252902,6.7990071063059645,-7.921173114087869,low,low,-7.016117668139686
-2.59577129486422,2.6018719746036725,-13.444375105420331, mid,very_high,-17.745776052176616
-0.5632654437701597,0.6219349945861783,-0.11746244709382703,high,low,-1.6300254810662966
0.6144175849380415,2.4308735463661453,-7.324476341020331,low,high,-5.042816769134876
-0.5642158079888476,1.2567970719866632,3.290449468717795,high,high,-1.014607660992121
-1.5581762088888504,-4.66322644737482,-5.816620452276094,low,very_high,-4.1777458898748545
0.8508649678331406,-3.455656878865055,0.2973130075019279,high,high,6.222234477911002
0.6271805037144398,1.9087262848315432,-6.496630493321206,low,high,-4.087633364284859
-1.4207087871073947,-3.1363456428130085,-5.815430121896872, mid,very_high,-4.731687115105287
0.05684977349835102,7.140673296369041,-6.550313558448073, mid,very_high,-10.937445789437367
0.2297272712854692,3.5493502312645595,-4.36866699863557,low,low,-5.44968823161586
-0.609282542796834,-1.7344350647342326,-5.942137286910072,low,very_low,-2.9870961362562096
1.8736165118285024,4.424565893914883,-4.302067266176245,low, mid,-1.5711307420865068
0.28756727224965084,2.726793057753924,-5.9503219522807775, mid,very_low,-4.319054208393452
1.7097202279691366,-6.831378520385531,-5.01809994892281, mid,low,9.785413344654057
0.16329709021673475,2.6944319448180614,0.9383748866456059,low,low,-1.9374981338407393
-1.537483141475271,6.775424986250132,-9.354649567659614, mid, mid,-16.02117633807336
-0.8693584544110374,-0.753307871316296,3.2087894247250244, mid,very_low,0.16581347581270256
0.2739829173937146,1.611910133587601,, mid,very_low,-4.706116739728379
0.6397235676354636,-0.2564468585493396,-2.740357354660934,high,very_low,1.7500516462213878
1.2996239317095808,1.4647622391718624,-10.702660566654526,high, mid,-2.474773016278912
-0.2790898393507248,-0.1348000933763367,-4.947815737261616, mid,high,-3.5963292019655104
0.3825019343184371,7.952341188226926,,low,very_low,-6.644066904840365
-0.07060473795109884,4.670156946959938,4.409482679969167, mid,high,-3.0584871613599045
0.8647615535780396,2.5811877122294566,-7.8446582803796066,high, mid,-3.435642161371525
-0.7012853906897859,-1.520429119347666,-7.289287371246628,low,high,-5.113814732826883
-2.711149197827414,9.396563973787027,-0.9909455178073725,low,high,-18.915171969864502
-2.780311325729789,-0.4423425228371807,8.231501502905294,high,low,-3.055712043100471
0.27145115128953035,1.9477591342532903,-7.7430464399055765,low,very_high,-6.27392102179378
-2.3932235510683273,-1.0732034994989919,-10.834449889217264,high,very_high,-11.845251808983027
0.17165055215449454,1.8846242306158947,-5.403599188651864,high,high,-4.004617510528239
-0.715441570593371,4.378982290236044,-0.3864693412168334,low,very_high,-8.054730393419028
-1.9537338872804122,11.41105762768632,-9.64426148597503, mid,low,-21.452789528638778
0.7639150149963464,6.879746331985197,-4.2394096603813125, mid,high,-7.051372444432761
-0.038623168149173506,8.063355708177358,-4.207029762439911, mid, mid,-10.45167662064648
-0.5256736707442143,1.0857454085284612,3.63350633521784, mid,low,-0.3969517836592025
0.6305781865721117,2.9845826821786914,0.25472365212942716, mid,very_low,-0.42228066495123273
0.6830716001056427,-0.010654155406640164,-18.195575028947758,low,very_high,-8.053508163752685
0.5208737323521574,0.5357359289698427,-5.009249645361363,high,high,-1.3639311873213336
-2.031547715686301,-0.45765782081510054,7.328223951226278, mid,high,-2.162277929885764
0.0028142571436559245,,-14.922512207108591, mid, mid,-13.52778556425267
0.09731810841796779,4.944260842906587,-9.67317163744099,high,low,-8.687792948277785
0.6838959985557694,4.760263238530911,,high,very_high,-1.838048098754395
-0.8583061066374631,4.772641392962448,1.3907450852635135,high,high,-6.533969480732019
-0.23907534085021584,0.4592521893307622,-4.847126398672108, mid,very_low,-3.0089122421373187
0.5165510431465712,-1.7231578588829444,0.5712414490312576,low,low,3.1773803368575404
-0.5696971204129686,-0.8724423357148838,-3.1807500220944855, mid,very_high,-2.9250712773461784
-0.26234867943057555,4.580985009746188,4.62509415935814,high,very_high,-3.1217902666003776
-0.2488738903024611,3.5949468196991847,-4.77037914099661, mid,low,-6.622795020453315
0.09101933035076357,2.317618680419822,3.094555509843752,high,very_high,-0.8784770461932907
-0.13268002919803853,3.0756586326696946,-8.782342749881074,high,very_high,-8.033814934473826
-0.1583253572594558,8.76298389261139,1.5889629330111346,low,very_low,-8.449674719469671
-0.042886568981891665,8.718557747753975,0.5709346157625137,high,very_low,-7.688289269611779
-0.5090967862083509,3.5356185831230422,-16.100001666463676, mid, mid,-13.300942953178573
-1.7221548900481711,2.0900275026473674,-5.28692443144244,high,high,-9.815997784762004
-1.085727981211774,-1.49253377872998,-0.026907745976910036, mid,high,-2.1594332512370347
0.5601918798329776,4.901128919782703,, mid,very_low,-5.371600800489217
-0.669823923680824,2.6451379090856655,1.7696774026468507,high, mid,-3.2913674952273912
-0.5740787470460653,4.229462454293502,-5.122319714046027,low,very_low,-8.477111347816066
-0.12421161557882886,5.093998652433218,-1.704951343459785,high,low,-5.645283190749485
-1.0198892414145118,-0.6837495587202547,0.765824329634488,high,very_low,-0.9913674278644308
-0.40851988384864507,2.516379128610443,0.33955086455758554,high,low,-2.8774486236086165
-0.20166715215540537,-0.11882957908822744,0.4921417215330375, mid,very_low,0.1866175101459499
0.14787685851805363,3.5301459628620084,-11.843514541812414, mid,very_high,-9.669142153983442
0.6977499387762983,-1.6062901662280997,-7.753274718205142,low,high,-1.1702215066236616
-1.67579740700306,6.5955738089185445,-8.962563215801211,low,high,-17.085444436961303
-0.9749598758497455,6.460624502871265,-7.113904354748757,high,very_high,-12.92724302804216
-0.7177884881014821,0.20798490095968347,-5.333278938462051,low,high,-5.837200439317556
-1.4340658834537403,2.3916548915095848,-4.233022045029861,high,very_low,-7.635187588283297
0.21180106945238855,-1.5477560838721418,-9.636724796008732,high,very_low,-1.6335068701736137
0.13179349129626988,-0.04706105826914797,-2.475336169484727,high,low,-0.15097306323295334
0.5178280022914821,-1.1846970944529014,1.5416701907533712,high,high,3.534654473155117
-0.5811297148862344,3.5391766283376245,-4.03180655913007,high,very_low,-6.3278324708655855
-0.30778022819154477,-0.5742991709765239,-6.382689666617384,high,low,-2.954883707799378
0.5500147908679115,1.9010716381277077,-3.6606781061564497,low,low,-2.4025055281808965
-0.7013752419099039,4.730218943228376,-5.3571600978847,low,low,-9.737288081321912
-0.4756255200366376,2.3768641017854755,-3.5197356442213064,high,high,-5.522149172719948
-0.1085564426667424,-1.2535016893713866,-1.270692262498724,high,very_high,0.17334616151975357
-0.24301321225935663,3.0775106599215456,-2.390309786964031,high,very_low,-4.02547359768584
0.060943748324447905,4.13218873048916,-2.512504580470426, mid, mid,-5.2168346007003885
2.139060017835151,-5.979789255720968,4.836980233657345,high,high,14.875023053850047
-1.4489309580480896,7.5008281656088736,-7.182420470949458, mid,very_low,-14.884500995210178
1.1916104660202012,2.9647012708827716,-1.8248064439901472,high,high,-0.3752006699360854
-1.1416258442161902,2.310280666809388,-2.0622642860654046, mid,very_low,-6.289069653118031
-0.15988478890492466,0.46481879326185527,-0.9104354231910596,high,low,-0.6527984863020722
2.832254997259619,0.48808159515365857,-8.306370194728482, mid,high,3.4031947862019325
0.5626575937612772,-1.0505041356625542,-4.591156239328488, mid, mid,0.24033603855610297
